"rent_place","return_place","rent","return"
"ST-10","ST-14",1,198
"ST-10","ST-18",1,279
"ST-10","ST-20",1,287
"ST-10","ST-209",1,295
"ST-10","ST-341",1,392
"ST-10","ST-342",1,393
"ST-100","ST-101",2,5
"ST-100","ST-102",2,8
"ST-100","ST-1660",2,257
"ST-100","ST-1663",2,853
"ST-100","ST-258",2,329
"ST-1002","ST-1006",3,4
"ST-1002","ST-1017",3,7
"ST-1002","ST-1496",3,218
"ST-1006","ST-1015",4,6
"ST-1006","ST-1018",4,854
"ST-1006","ST-1496",4,218
"ST-1006","ST-1505",4,855
"ST-101","ST-102",5,8
"ST-101","ST-106",5,23
"ST-101","ST-112",5,62
"ST-101","ST-1660",5,257
"ST-101","ST-1661",5,258
"ST-101","ST-1663",5,853
"ST-101","ST-257",5,328
"ST-101","ST-258",5,329
"ST-101","ST-972",5,837
"ST-101","ST-987",5,847
"ST-1015","ST-1017",6,7
"ST-1015","ST-1350",6,856
"ST-1015","ST-1495",6,217
"ST-1015","ST-1496",6,218
"ST-1017","ST-1497",7,857
"ST-102","ST-113",8,68
"ST-102","ST-1378",8,196
"ST-102","ST-1429",8,208
"ST-102","ST-1660",8,257
"ST-102","ST-1661",8,258
"ST-102","ST-1663",8,853
"ST-102","ST-1690",8,858
"ST-102","ST-257",8,328
"ST-102","ST-259",8,330
"ST-102","ST-377",8,415
"ST-102","ST-384",8,417
"ST-102","ST-972",8,837
"ST-102","ST-973",8,838
"ST-102","ST-974",8,839
"ST-102","ST-980",8,843
"ST-102","ST-984",8,845
"ST-102","ST-987",8,847
"ST-1028","ST-1481",9,215
"ST-1028","ST-1483",9,859
"ST-1032","ST-1482",10,216
"ST-1035","ST-1038",11,860
"ST-1035","ST-1039",11,861
"ST-104","ST-1690",12,858
"ST-104","ST-368",12,408
"ST-1040","ST-1052",13,21
"ST-1040","ST-1371",13,862
"ST-1040","ST-1598",13,863
"ST-1040","ST-1622",13,864
"ST-1041","ST-1046",14,17
"ST-1043","ST-1052",15,21
"ST-1043","ST-1061",15,24
"ST-1045","ST-1046",16,17
"ST-1045","ST-1083",16,40
"ST-1046","ST-1061",17,24
"ST-1046","ST-1420",17,207
"ST-1047","ST-1720",18,865
"ST-105","ST-112",19,62
"ST-105","ST-364",19,406
"ST-105","ST-371",19,411
"ST-1050","ST-1052",20,21
"ST-1050","ST-1061",20,24
"ST-1052","ST-1058",21,866
"ST-1052","ST-1061",21,24
"ST-1053","ST-1061",22,24
"ST-106","ST-108",23,38
"ST-106","ST-109",23,45
"ST-106","ST-111",23,58
"ST-106","ST-112",23,62
"ST-106","ST-1191",23,99
"ST-106","ST-1199",23,867
"ST-106","ST-1661",23,258
"ST-106","ST-1690",23,858
"ST-106","ST-362",23,404
"ST-106","ST-368",23,408
"ST-106","ST-375",23,413
"ST-106","ST-446",23,457
"ST-106","ST-482",23,481
"ST-106","ST-506",23,504
"ST-1061","ST-1369",24,191
"ST-1061","ST-1420",24,207
"ST-1061","ST-1621",24,868
"ST-1061","ST-1626",24,869
"ST-1062","ST-1065",25,28
"ST-1062","ST-1352",25,183
"ST-1062","ST-1645",25,254
"ST-1062","ST-1689",25,261
"ST-1063","ST-1253",26,130
"ST-1063","ST-1402",26,199
"ST-1063","ST-1718",26,870
"ST-1064","ST-1065",27,28
"ST-1064","ST-1352",27,183
"ST-1064","ST-1514",27,223
"ST-1064","ST-1710",27,266
"ST-1064","ST-1718",27,870
"ST-1065","ST-1069",28,30
"ST-1065","ST-1249",28,126
"ST-1065","ST-1251",28,129
"ST-1065","ST-1351",28,182
"ST-1065","ST-1352",28,183
"ST-1065","ST-1402",28,199
"ST-1065","ST-1510",28,222
"ST-1065","ST-1514",28,223
"ST-1065","ST-1519",28,871
"ST-1065","ST-1645",28,254
"ST-1065","ST-1688",28,260
"ST-1065","ST-1689",28,261
"ST-1065","ST-1710",28,266
"ST-1065","ST-1711",28,267
"ST-1065","ST-1712",28,268
"ST-1065","ST-1714",28,269
"ST-1065","ST-1718",28,870
"ST-1067","ST-1249",29,126
"ST-1067","ST-1251",29,129
"ST-1069","ST-1249",30,126
"ST-1069","ST-1351",30,182
"ST-1069","ST-1510",30,222
"ST-107","ST-108",31,38
"ST-107","ST-1199",31,867
"ST-1070","ST-1079",32,37
"ST-1070","ST-1087",32,43
"ST-1070","ST-1582",32,239
"ST-1070","ST-1584",32,240
"ST-1070","ST-1586",32,242
"ST-1070","ST-1590",32,244
"ST-1070","ST-1681",32,259
"ST-1070","ST-1683",32,872
"ST-1070","ST-1706",32,873
"ST-1070","ST-1729",32,273
"ST-1070","ST-1730",32,874
"ST-1072","ST-1089",33,875
"ST-1075","ST-1419",34,876
"ST-1076","ST-1084",35,41
"ST-1076","ST-1707",35,263
"ST-1078","ST-1087",36,43
"ST-1078","ST-1420",36,207
"ST-1078","ST-1720",36,865
"ST-1079","ST-1720",37,865
"ST-1079","ST-1730",37,874
"ST-108","ST-109",38,45
"ST-108","ST-111",38,58
"ST-108","ST-1195",38,102
"ST-108","ST-1199",38,867
"ST-108","ST-1690",38,858
"ST-108","ST-241",38,314
"ST-108","ST-362",38,404
"ST-108","ST-482",38,481
"ST-108","ST-506",38,504
"ST-1081","ST-1586",39,242
"ST-1081","ST-1719",39,270
"ST-1081","ST-1730",39,874
"ST-1083","ST-1092",40,877
"ST-1083","ST-1627",40,878
"ST-1083","ST-1684",40,879
"ST-1084","ST-1419",41,876
"ST-1086","ST-1087",42,43
"ST-1086","ST-1719",42,270
"ST-1086","ST-1720",42,865
"ST-1087","ST-1409",43,202
"ST-1087","ST-1420",43,207
"ST-1087","ST-1584",43,240
"ST-1087","ST-1719",43,270
"ST-1087","ST-1720",43,865
"ST-1087","ST-1730",43,874
"ST-1088","ST-1584",44,240
"ST-1088","ST-1705",44,880
"ST-109","ST-111",45,58
"ST-109","ST-112",45,62
"ST-109","ST-1193",45,100
"ST-109","ST-1199",45,867
"ST-109","ST-1377",45,881
"ST-109","ST-1661",45,258
"ST-109","ST-1690",45,858
"ST-109","ST-241",45,314
"ST-109","ST-249",45,320
"ST-109","ST-362",45,404
"ST-109","ST-368",45,408
"ST-109","ST-482",45,481
"ST-109","ST-506",45,504
"ST-1093","ST-1098",46,48
"ST-1093","ST-1099",46,49
"ST-1093","ST-1332",46,173
"ST-1097","ST-1098",47,48
"ST-1097","ST-1099",47,49
"ST-1097","ST-1335",47,882
"ST-1098","ST-1099",48,49
"ST-1098","ST-1335",48,882
"ST-1098","ST-1381",48,883
"ST-1098","ST-1451",48,884
"ST-1099","ST-1375",49,194
"ST-11","ST-15",50,219
"ST-11","ST-18",50,279
"ST-11","ST-20",50,287
"ST-11","ST-208",50,294
"ST-11","ST-209",50,295
"ST-1101","ST-1103",51,53
"ST-1102","ST-1105",52,54
"ST-1103","ST-1105",53,54
"ST-1103","ST-1109",53,57
"ST-1105","ST-1109",54,57
"ST-1105","ST-1614",54,885
"ST-1105","ST-1723",54,886
"ST-1105","ST-1724",54,887
"ST-1107","ST-1109",55,57
"ST-1107","ST-1638",55,250
"ST-1109","ST-1389",57,889
"ST-1109","ST-1390",57,890
"ST-1109","ST-1423",57,891
"ST-1109","ST-1726",57,892
"ST-111","ST-112",58,62
"ST-111","ST-1199",58,867
"ST-111","ST-1661",58,258
"ST-111","ST-1690",58,858
"ST-111","ST-362",58,404
"ST-111","ST-368",58,408
"ST-111","ST-375",58,413
"ST-111","ST-446",58,457
"ST-111","ST-482",58,481
"ST-111","ST-506",58,504
"ST-1111","ST-1280",59,144
"ST-1114","ST-1395",60,893
"ST-1118","ST-1285",61,148
"ST-1118","ST-1286",61,149
"ST-1118","ST-1290",61,151
"ST-112","ST-1661",62,258
"ST-112","ST-368",62,408
"ST-112","ST-482",62,481
"ST-112","ST-506",62,504
"ST-1121","ST-1124",63,64
"ST-1121","ST-1127",63,66
"ST-1121","ST-1283",63,146
"ST-1121","ST-1284",63,147
"ST-1121","ST-1285",63,148
"ST-1121","ST-1287",63,894
"ST-1121","ST-1476",63,214
"ST-1121","ST-1639",63,251
"ST-1121","ST-1640",63,252
"ST-1121","ST-1642",63,253
"ST-1121","ST-1672",63,895
"ST-1124","ST-1278",64,142
"ST-1124","ST-1284",64,147
"ST-1124","ST-1287",64,894
"ST-1124","ST-1290",64,151
"ST-1124","ST-1642",64,253
"ST-1125","ST-1289",65,896
"ST-1127","ST-1285",66,148
"ST-1129","ST-1638",67,250
"ST-113","ST-840",68,759
"ST-1132","ST-1279",69,897
"ST-1136","ST-1291",70,898
"ST-1136","ST-1296",70,899
"ST-1137","ST-1295",71,900
"ST-1137","ST-1296",71,899
"ST-1137","ST-1466",71,901
"ST-1137","ST-1638",71,250
"ST-114","ST-1194",72,101
"ST-114","ST-1263",72,132
"ST-114","ST-445",72,456
"ST-1140","ST-1142",73,74
"ST-1140","ST-1147",73,77
"ST-1142","ST-1277",74,902
"ST-1144","ST-1546",75,230
"ST-1146","ST-1149",76,903
"ST-1147","ST-1149",77,903
"ST-1150","ST-1354",78,184
"ST-1150","ST-1356",78,185
"ST-1151","ST-1268",79,137
"ST-1151","ST-1546",79,230
"ST-1158","ST-1163",80,84
"ST-1158","ST-1164",80,85
"ST-1158","ST-1305",80,159
"ST-1158","ST-1306",80,904
"ST-116","ST-127",81,138
"ST-116","ST-128",81,143
"ST-116","ST-977",81,905
"ST-1160","ST-1169",82,89
"ST-1160","ST-1305",82,159
"ST-1160","ST-1556",82,906
"ST-1161","ST-1169",83,89
"ST-1163","ST-1553",84,907
"ST-1164","ST-1305",85,159
"ST-1165","ST-1311",86,908
"ST-1166","ST-1361",87,189
"ST-1168","ST-1654",88,909
"ST-1169","ST-1555",89,910
"ST-117","ST-121",90,111
"ST-1172","ST-1365",91,911
"ST-1177","ST-1654",92,909
"ST-118","ST-119",93,98
"ST-118","ST-121",93,111
"ST-118","ST-127",93,138
"ST-118","ST-130",93,155
"ST-118","ST-131",93,161
"ST-118","ST-132",93,166
"ST-118","ST-142",93,206
"ST-118","ST-167",93,912
"ST-118","ST-169",93,913
"ST-118","ST-182",93,914
"ST-118","ST-978",93,915
"ST-118","ST-979",93,916
"ST-1181","ST-1182",94,917
"ST-1184","ST-1364",95,190
"ST-1185","ST-1364",96,190
"ST-1186","ST-1364",97,190
"ST-1186","ST-1407",97,918
"ST-1186","ST-1578",97,919
"ST-1186","ST-1703",97,920
"ST-119","ST-127",98,138
"ST-119","ST-128",98,143
"ST-119","ST-132",98,166
"ST-1191","ST-1661",99,258
"ST-1191","ST-1690",99,858
"ST-1193","ST-1194",100,101
"ST-1193","ST-1263",100,132
"ST-1193","ST-1660",100,257
"ST-1193","ST-1661",100,258
"ST-1193","ST-1690",100,858
"ST-1194","ST-1263",101,132
"ST-1194","ST-1428",101,921
"ST-1194","ST-1660",101,257
"ST-1194","ST-1661",101,258
"ST-1194","ST-1690",101,858
"ST-1195","ST-1199",102,867
"ST-1195","ST-1377",102,881
"ST-1197","ST-1198",103,922
"ST-12","ST-1190",104,923
"ST-12","ST-14",104,198
"ST-12","ST-18",104,279
"ST-12","ST-20",104,287
"ST-12","ST-30",104,365
"ST-120","ST-130",105,155
"ST-120","ST-182",105,914
"ST-1200","ST-1202",106,108
"ST-1200","ST-1215",106,113
"ST-1200","ST-1347",106,180
"ST-1200","ST-1460",106,924
"ST-1201","ST-1202",107,108
"ST-1201","ST-1208",107,925
"ST-1201","ST-1215",107,113
"ST-1201","ST-1347",107,180
"ST-1201","ST-1454",107,212
"ST-1201","ST-1455",107,926
"ST-1201","ST-1460",107,924
"ST-1202","ST-1347",108,180
"ST-1203","ST-1723",109,886
"ST-1207","ST-1424",110,927
"ST-121","ST-123",111,121
"ST-121","ST-182",111,914
"ST-1210","ST-1212",112,928
"ST-1210","ST-1459",112,929
"ST-1215","ST-1347",113,180
"ST-1215","ST-1455",113,926
"ST-1218","ST-1275",114,141
"ST-1219","ST-1403",115,930
"ST-1220","ST-1223",116,119
"ST-1221","ST-1223",117,119
"ST-1222","ST-1223",118,119
"ST-1222","ST-1275",118,141
"ST-1223","ST-1273",119,139
"ST-1223","ST-1275",119,141
"ST-1223","ST-1323",119,169
"ST-1223","ST-1353",119,931
"ST-1223","ST-1521",119,225
"ST-1223","ST-1678",119,932
"ST-1223","ST-1697",119,933
"ST-1226","ST-1523",120,934
"ST-123","ST-127",121,138
"ST-123","ST-128",121,143
"ST-123","ST-132",121,166
"ST-1237","ST-1275",122,141
"ST-1237","ST-1521",122,225
"ST-1239","ST-1243",123,935
"ST-124","ST-127",124,138
"ST-124","ST-128",124,143
"ST-124","ST-131",124,161
"ST-124","ST-132",124,166
"ST-124","ST-336",124,390
"ST-1245","ST-1575",125,936
"ST-1249","ST-1250",126,128
"ST-1249","ST-1251",126,129
"ST-1249","ST-1351",126,182
"ST-1249","ST-1510",126,222
"ST-1249","ST-1511",126,937
"ST-1249","ST-1519",126,871
"ST-1249","ST-1646",126,938
"ST-1249","ST-1714",126,269
"ST-125","ST-128",127,143
"ST-1250","ST-1251",128,129
"ST-1251","ST-1351",129,182
"ST-1251","ST-1510",129,222
"ST-1251","ST-1646",129,938
"ST-1251","ST-1688",129,260
"ST-1251","ST-1711",129,267
"ST-1251","ST-1712",129,268
"ST-1251","ST-1713",129,939
"ST-1251","ST-1714",129,269
"ST-1251","ST-1715",129,940
"ST-1251","ST-1718",129,870
"ST-1253","ST-1718",130,870
"ST-1259","ST-1337",131,176
"ST-1259","ST-1548",131,941
"ST-1263","ST-1428",132,921
"ST-1263","ST-1603",132,247
"ST-1263","ST-1660",132,257
"ST-1263","ST-1662",132,942
"ST-1264","ST-1268",133,137
"ST-1265","ST-1546",134,230
"ST-1266","ST-1662",135,942
"ST-1267","ST-1547",136,231
"ST-1267","ST-1678",136,932
"ST-1268","ST-1337",137,176
"ST-1268","ST-1542",137,228
"ST-1268","ST-1546",137,230
"ST-1268","ST-1548",137,941
"ST-1268","ST-1678",137,932
"ST-127","ST-128",138,143
"ST-127","ST-130",138,155
"ST-127","ST-1611",138,943
"ST-127","ST-182",138,914
"ST-127","ST-946",138,944
"ST-1273","ST-1275",139,141
"ST-1274","ST-1275",140,141
"ST-1275","ST-1521",141,225
"ST-1278","ST-1283",142,146
"ST-128","ST-977",143,905
"ST-1280","ST-1638",144,250
"ST-1282","ST-1286",145,149
"ST-1283","ST-1290",146,151
"ST-1284","ST-1285",147,148
"ST-1285","ST-1290",148,151
"ST-1285","ST-1470",148,945
"ST-1285","ST-1473",148,946
"ST-1286","ST-1290",149,151
"ST-1286","ST-1475",149,947
"ST-1290","ST-1470",151,945
"ST-1290","ST-1639",151,251
"ST-1290","ST-1640",151,252
"ST-1290","ST-1642",151,253
"ST-1293","ST-1296",152,899
"ST-1293","ST-1465",152,949
"ST-1298","ST-1300",153,156
"ST-13","ST-18",154,279
"ST-13","ST-223",154,303
"ST-13","ST-231",154,307
"ST-130","ST-131",155,161
"ST-130","ST-182",155,914
"ST-130","ST-978",155,915
"ST-1300","ST-1336",156,175
"ST-1302","ST-1334",157,174
"ST-1302","ST-1671",157,950
"ST-1303","ST-1625",158,951
"ST-1305","ST-1306",159,904
"ST-1305","ST-1404",159,952
"ST-1305","ST-1405",159,953
"ST-1305","ST-1553",159,907
"ST-1305","ST-1556",159,906
"ST-1307","ST-1739",160,954
"ST-131","ST-979",161,916
"ST-1310","ST-1315",162,955
"ST-1316","ST-1655",163,956
"ST-1317","ST-1636",164,957
"ST-1319","ST-1321",165,958
"ST-1319","ST-1649",165,255
"ST-1319","ST-1653",165,959
"ST-1319","ST-1699",165,960
"ST-132","ST-143",166,961
"ST-132","ST-1668",166,962
"ST-132","ST-182",166,914
"ST-1320","ST-1497",167,857
"ST-1320","ST-1650",167,256
"ST-1322","ST-1649",168,255
"ST-1322","ST-1653",168,959
"ST-1323","ST-1353",169,931
"ST-1324","ST-1376",170,195
"ST-1326","ST-1339",171,177
"ST-1326","ST-1443",171,963
"ST-1329","ST-1481",172,215
"ST-1329","ST-1483",172,859
"ST-1332","ST-1451",173,884
"ST-1334","ST-1335",174,882
"ST-1336","ST-1377",175,881
"ST-1337","ST-1548",176,941
"ST-1339","ST-1443",177,963
"ST-1341","ST-1615",178,964
"ST-1342","ST-1721",179,965
"ST-1347","ST-1454",180,212
"ST-1347","ST-1455",180,926
"ST-1347","ST-1460",180,924
"ST-1349","ST-1474",181,966
"ST-1351","ST-1510",182,222
"ST-1351","ST-1646",182,938
"ST-1351","ST-1714",182,269
"ST-1351","ST-1718",182,870
"ST-1352","ST-1514",183,223
"ST-1352","ST-1689",183,261
"ST-1352","ST-1714",183,269
"ST-1352","ST-1718",183,870
"ST-1354","ST-1545",184,967
"ST-1356","ST-1545",185,967
"ST-1357","ST-1546",186,230
"ST-1357","ST-1678",186,932
"ST-1359","ST-1556",187,906
"ST-1360","ST-1361",188,189
"ST-1360","ST-1654",188,909
"ST-1361","ST-1654",189,909
"ST-1364","ST-1407",190,918
"ST-1369","ST-1420",191,207
"ST-1370","ST-1420",192,207
"ST-1372","ST-1440",193,968
"ST-1375","ST-1451",194,884
"ST-1376","ST-1721",195,965
"ST-1378","ST-1429",196,208
"ST-1378","ST-1660",196,257
"ST-1378","ST-1661",196,258
"ST-1388","ST-1389",197,889
"ST-14","ST-18",198,279
"ST-14","ST-20",198,287
"ST-14","ST-208",198,294
"ST-1402","ST-1718",199,870
"ST-1406","ST-1556",200,906
"ST-1408","ST-1720",201,865
"ST-1409","ST-1584",202,240
"ST-1409","ST-1719",202,270
"ST-1409","ST-1720",202,865
"ST-1413","ST-1720",203,865
"ST-1416","ST-1656",204,969
"ST-1417","ST-1579",205,970
"ST-1417","ST-1656",205,969
"ST-142","ST-143",206,961
"ST-142","ST-1607",206,971
"ST-1420","ST-1580",207,238
"ST-1420","ST-1588",207,972
"ST-1420","ST-1626",207,869
"ST-1420","ST-1720",207,865
"ST-1429","ST-1660",208,257
"ST-1429","ST-1661",208,258
"ST-144","ST-154",209,227
"ST-1442","ST-1443",210,963
"ST-145","ST-151",211,973
"ST-145","ST-154",211,227
"ST-1454","ST-1455",212,926
"ST-1454","ST-1460",212,924
"ST-1469","ST-1638",213,250
"ST-1476","ST-1639",214,251
"ST-1481","ST-1489",215,974
"ST-1482","ST-1484",216,975
"ST-1495","ST-1496",217,218
"ST-1496","ST-1505",218,855
"ST-15","ST-16",219,245
"ST-15","ST-19",219,283
"ST-15","ST-20",219,287
"ST-15","ST-209",219,295
"ST-150","ST-154",220,227
"ST-150","ST-170",220,976
"ST-150","ST-173",220,274
"ST-1506","ST-1507",221,977
"ST-1506","ST-1508",221,978
"ST-1510","ST-1714",222,269
"ST-1514","ST-1718",223,870
"ST-1517","ST-1718",224,870
"ST-1521","ST-1546",225,230
"ST-1521","ST-1678",225,932
"ST-153","ST-173",226,274
"ST-154","ST-1607",227,971
"ST-154","ST-173",227,274
"ST-1542","ST-1546",228,230
"ST-1543","ST-1546",229,230
"ST-1546","ST-1678",230,932
"ST-1547","ST-1678",231,932
"ST-155","ST-161",232,979
"ST-155","ST-173",232,274
"ST-1554","ST-1556",233,906
"ST-156","ST-1201",234,107
"ST-156","ST-157",234,235
"ST-156","ST-337",234,980
"ST-156","ST-842",234,760
"ST-156","ST-931",234,819
"ST-157","ST-160",235,246
"ST-157","ST-161",235,979
"ST-157","ST-172",235,271
"ST-157","ST-173",235,274
"ST-157","ST-337",235,980
"ST-1577","ST-1680",236,981
"ST-158","ST-1372",237,193
"ST-158","ST-160",237,246
"ST-158","ST-161",237,979
"ST-158","ST-171",237,265
"ST-158","ST-173",237,274
"ST-158","ST-174",237,275
"ST-158","ST-842",237,760
"ST-1580","ST-1626",238,869
"ST-1580","ST-1720",238,865
"ST-1582","ST-1584",239,240
"ST-1582","ST-1586",239,242
"ST-1582","ST-1683",239,872
"ST-1582","ST-1728",239,272
"ST-1582","ST-1729",239,273
"ST-1582","ST-1730",239,874
"ST-1584","ST-1586",240,242
"ST-1584","ST-1590",240,244
"ST-1584","ST-1705",240,880
"ST-1584","ST-1719",240,270
"ST-1584","ST-1720",240,865
"ST-1584","ST-1729",240,273
"ST-1584","ST-1730",240,874
"ST-1585","ST-1590",241,244
"ST-1586","ST-1590",242,244
"ST-159","ST-1605",243,982
"ST-159","ST-1610",243,983
"ST-1590","ST-1729",244,273
"ST-1590","ST-1730",244,874
"ST-16","ST-18",245,279
"ST-16","ST-20",245,287
"ST-160","ST-173",246,274
"ST-1603","ST-1660",247,257
"ST-162","ST-1440",248,968
"ST-162","ST-175",248,276
"ST-162","ST-176",248,277
"ST-162","ST-178",248,984
"ST-162","ST-186",248,985
"ST-162","ST-190",248,986
"ST-162","ST-198",248,286
"ST-162","ST-369",248,409
"ST-163","ST-186",249,985
"ST-163","ST-189",249,282
"ST-163","ST-198",249,286
"ST-163","ST-944",249,987
"ST-1638","ST-1726",250,892
"ST-1639","ST-1641",251,988
"ST-1640","ST-1672",252,895
"ST-1642","ST-1672",253,895
"ST-1645","ST-1718",254,870
"ST-1649","ST-1650",255,256
"ST-1649","ST-1653",255,959
"ST-1650","ST-1699",256,960
"ST-1660","ST-1661",257,258
"ST-1660","ST-1663",257,853
"ST-1660","ST-1690",257,858
"ST-1661","ST-1690",258,858
"ST-1681","ST-1729",259,273
"ST-1681","ST-1730",259,874
"ST-1688","ST-1718",260,870
"ST-1689","ST-1714",261,269
"ST-1689","ST-1718",261,870
"ST-17","ST-1189",262,989
"ST-17","ST-1643",262,990
"ST-17","ST-209",262,295
"ST-17","ST-227",262,305
"ST-17","ST-231",262,307
"ST-17","ST-25",262,321
"ST-17","ST-346",262,991
"ST-17","ST-555",262,540
"ST-1707","ST-1730",263,874
"ST-1709","ST-1718",264,870
"ST-171","ST-173",265,274
"ST-1710","ST-1718",266,870
"ST-1711","ST-1718",267,870
"ST-1712","ST-1714",268,269
"ST-1712","ST-1718",268,870
"ST-1714","ST-1718",269,870
"ST-1719","ST-1720",270,865
"ST-1719","ST-1730",270,874
"ST-172","ST-1606",271,992
"ST-172","ST-173",271,274
"ST-1728","ST-1729",272,273
"ST-1729","ST-1730",273,874
"ST-173","ST-1201",274,107
"ST-173","ST-1607",274,971
"ST-173","ST-174",274,275
"ST-173","ST-337",274,980
"ST-173","ST-842",274,760
"ST-173","ST-931",274,819
"ST-174","ST-1606",275,992
"ST-174","ST-943",275,993
"ST-175","ST-1215",276,113
"ST-175","ST-1440",276,968
"ST-175","ST-1609",276,994
"ST-175","ST-177",276,278
"ST-175","ST-178",276,984
"ST-175","ST-198",276,286
"ST-175","ST-272",276,339
"ST-175","ST-827",276,749
"ST-176","ST-193",277,284
"ST-176","ST-827",277,749
"ST-177","ST-1215",278,113
"ST-177","ST-1455",278,926
"ST-177","ST-827",278,749
"ST-18","ST-1189",279,989
"ST-18","ST-1190",279,923
"ST-18","ST-1643",279,990
"ST-18","ST-1644",279,995
"ST-18","ST-1692",279,996
"ST-18","ST-20",279,287
"ST-18","ST-208",279,294
"ST-18","ST-209",279,295
"ST-18","ST-210",279,297
"ST-18","ST-211",279,997
"ST-18","ST-212",279,298
"ST-18","ST-222",279,302
"ST-18","ST-223",279,303
"ST-18","ST-227",279,305
"ST-18","ST-231",279,307
"ST-18","ST-232",279,308
"ST-18","ST-30",279,365
"ST-18","ST-340",279,998
"ST-18","ST-341",279,392
"ST-18","ST-342",279,393
"ST-18","ST-348",279,999
"ST-18","ST-351",279,1000
"ST-18","ST-352",279,1001
"ST-18","ST-555",279,540
"ST-18","ST-82",279,744
"ST-180","ST-1373",280,1002
"ST-180","ST-1374",280,1003
"ST-180","ST-183",280,1004
"ST-187","ST-190",281,986
"ST-187","ST-198",281,286
"ST-189","ST-190",282,986
"ST-189","ST-198",282,286
"ST-19","ST-207",283,1005
"ST-19","ST-24",283,312
"ST-19","ST-26",283,331
"ST-19","ST-31",283,1006
"ST-19","ST-32",283,379
"ST-19","ST-343",283,1007
"ST-193","ST-1440",284,968
"ST-193","ST-244",284,317
"ST-193","ST-369",284,409
"ST-195","ST-944",285,987
"ST-198","ST-1197",286,103
"ST-198","ST-1372",286,193
"ST-198","ST-1440",286,968
"ST-198","ST-369",286,409
"ST-20","ST-1190",287,923
"ST-20","ST-202",287,290
"ST-20","ST-26",287,331
"ST-20","ST-28",287,345
"ST-20","ST-30",287,365
"ST-20","ST-32",287,379
"ST-20","ST-341",287,392
"ST-20","ST-342",287,393
"ST-20","ST-36",287,401
"ST-20","ST-555",287,540
"ST-200","ST-214",288,300
"ST-200","ST-992",288,1008
"ST-201","ST-214",289,300
"ST-201","ST-992",289,1008
"ST-202","ST-1691",290,1009
"ST-202","ST-1693",290,1010
"ST-202","ST-204",290,292
"ST-202","ST-205",290,293
"ST-202","ST-206",290,1011
"ST-202","ST-207",290,1005
"ST-202","ST-214",290,300
"ST-202","ST-992",290,1008
"ST-203","ST-213",291,299
"ST-203","ST-214",291,300
"ST-203","ST-992",291,1008
"ST-204","ST-205",292,293
"ST-204","ST-206",292,1011
"ST-204","ST-214",292,300
"ST-204","ST-296",292,360
"ST-204","ST-343",292,1007
"ST-204","ST-992",292,1008
"ST-205","ST-1327",293,1012
"ST-205","ST-1693",293,1010
"ST-205","ST-214",293,300
"ST-208","ST-209",294,295
"ST-208","ST-340",294,998
"ST-209","ST-1692",295,996
"ST-209","ST-210",295,297
"ST-209","ST-211",295,997
"ST-209","ST-231",295,307
"ST-209","ST-340",295,998
"ST-209","ST-341",295,392
"ST-209","ST-342",295,393
"ST-209","ST-454",295,465
"ST-209","ST-455",295,466
"ST-209","ST-462",295,472
"ST-209","ST-555",295,540
"ST-21","ST-207",296,1005
"ST-21","ST-209",296,295
"ST-21","ST-28",296,345
"ST-21","ST-32",296,379
"ST-210","ST-341",297,392
"ST-212","ST-1189",298,989
"ST-212","ST-231",298,307
"ST-212","ST-341",298,392
"ST-213","ST-214",299,300
"ST-214","ST-992",300,1008
"ST-221","ST-232",301,308
"ST-222","ST-232",302,308
"ST-223","ST-231",303,307
"ST-223","ST-232",303,308
"ST-227","ST-231",305,307
"ST-227","ST-232",305,308
"ST-23","ST-26",306,331
"ST-23","ST-28",306,345
"ST-23","ST-32",306,379
"ST-231","ST-1643",307,990
"ST-231","ST-1692",307,996
"ST-231","ST-341",307,392
"ST-231","ST-555",307,540
"ST-232","ST-348",308,999
"ST-232","ST-555",308,540
"ST-235","ST-827",309,749
"ST-236","ST-1616",310,1014
"ST-237","ST-1197",311,103
"ST-237","ST-1616",311,1014
"ST-237","ST-241",311,314
"ST-237","ST-248",311,319
"ST-24","ST-202",312,290
"ST-24","ST-204",312,292
"ST-24","ST-207",312,1005
"ST-24","ST-26",312,331
"ST-24","ST-28",312,345
"ST-24","ST-32",312,379
"ST-240","ST-366",313,407
"ST-241","ST-1195",314,102
"ST-241","ST-1199",314,867
"ST-241","ST-1377",314,881
"ST-241","ST-248",314,319
"ST-241","ST-249",314,320
"ST-241","ST-359",314,400
"ST-241","ST-360",314,402
"ST-241","ST-366",314,407
"ST-241","ST-372",314,1015
"ST-242","ST-1336",315,175
"ST-242","ST-243",315,316
"ST-242","ST-262",315,332
"ST-243","ST-1336",316,175
"ST-243","ST-967",316,1016
"ST-244","ST-827",317,749
"ST-247","ST-1195",318,102
"ST-248","ST-360",319,402
"ST-249","ST-1336",320,175
"ST-249","ST-1377",320,881
"ST-249","ST-372",320,1015
"ST-249","ST-398",320,428
"ST-25","ST-1189",321,989
"ST-25","ST-1491",321,1017
"ST-25","ST-209",321,295
"ST-25","ST-223",321,303
"ST-25","ST-231",321,307
"ST-250","ST-1336",322,175
"ST-252","ST-1263",323,132
"ST-252","ST-983",323,844
"ST-253","ST-1193",324,100
"ST-253","ST-1194",324,101
"ST-253","ST-1603",324,247
"ST-253","ST-1660",324,257
"ST-253","ST-1661",324,258
"ST-253","ST-382",324,416
"ST-253","ST-385",324,418
"ST-253","ST-445",324,456
"ST-253","ST-972",324,837
"ST-254","ST-1602",325,1018
"ST-254","ST-377",325,415
"ST-254","ST-388",325,420
"ST-254","ST-542",325,530
"ST-255","ST-1271",326,1019
"ST-255","ST-1722",326,1020
"ST-255","ST-377",326,415
"ST-255","ST-387",326,419
"ST-255","ST-388",326,420
"ST-256","ST-1602",327,1018
"ST-257","ST-1660",328,257
"ST-257","ST-259",328,330
"ST-257","ST-984",328,845
"ST-258","ST-1660",329,257
"ST-258","ST-980",329,843
"ST-259","ST-1192",330,1021
"ST-259","ST-1263",330,132
"ST-259","ST-1378",330,196
"ST-259","ST-1660",330,257
"ST-259","ST-1662",330,942
"ST-259","ST-1664",330,1022
"ST-259","ST-1722",330,1020
"ST-259","ST-384",330,417
"ST-259","ST-972",330,837
"ST-259","ST-984",330,845
"ST-26","ST-1691",331,1009
"ST-26","ST-202",331,290
"ST-26","ST-207",331,1005
"ST-26","ST-27",331,336
"ST-26","ST-28",331,345
"ST-26","ST-31",331,1006
"ST-26","ST-32",331,379
"ST-262","ST-1298",332,153
"ST-262","ST-1300",332,156
"ST-262","ST-1447",332,1023
"ST-262","ST-1630",332,1024
"ST-262","ST-264",332,1025
"ST-262","ST-379",332,1026
"ST-262","ST-393",332,424
"ST-262","ST-395",332,426
"ST-262","ST-396",332,1027
"ST-262","ST-401",332,431
"ST-265","ST-273",333,340
"ST-265","ST-827",333,749
"ST-267","ST-401",334,431
"ST-269","ST-1636",335,957
"ST-269","ST-827",335,749
"ST-27","ST-1691",336,1009
"ST-27","ST-202",336,290
"ST-27","ST-28",336,345
"ST-27","ST-31",336,1006
"ST-27","ST-32",336,379
"ST-270","ST-398",337,428
"ST-271","ST-1440",338,968
"ST-271","ST-273",338,340
"ST-271","ST-827",338,749
"ST-272","ST-1198",339,922
"ST-272","ST-369",339,409
"ST-272","ST-827",339,749
"ST-273","ST-1636",340,957
"ST-273","ST-827",340,749
"ST-274","ST-827",341,749
"ST-276","ST-390",342,421
"ST-276","ST-391",342,422
"ST-276","ST-393",342,424
"ST-276","ST-398",342,428
"ST-277","ST-278",343,344
"ST-277","ST-426",343,448
"ST-278","ST-1539",344,1028
"ST-278","ST-295",344,359
"ST-278","ST-421",344,1029
"ST-278","ST-422",344,447
"ST-278","ST-426",344,448
"ST-28","ST-1675",345,1030
"ST-28","ST-1691",345,1009
"ST-28","ST-201",345,289
"ST-28","ST-202",345,290
"ST-28","ST-207",345,1005
"ST-28","ST-29",345,1031
"ST-28","ST-31",345,1006
"ST-28","ST-32",345,379
"ST-28","ST-343",345,1007
"ST-280","ST-413",346,440
"ST-281","ST-1650",347,256
"ST-281","ST-287",347,352
"ST-281","ST-292",347,356
"ST-281","ST-294",347,358
"ST-281","ST-413",347,440
"ST-281","ST-416",347,442
"ST-281","ST-417",347,443
"ST-283","ST-302",348,367
"ST-283","ST-303",348,368
"ST-283","ST-304",348,369
"ST-284","ST-301",349,366
"ST-285","ST-1650",350,256
"ST-285","ST-1699",350,960
"ST-285","ST-417",350,443
"ST-285","ST-664",350,621
"ST-286","ST-1543",351,229
"ST-286","ST-1546",351,230
"ST-286","ST-300",351,1032
"ST-286","ST-688",351,635
"ST-286","ST-728",351,669
"ST-287","ST-1539",352,1028
"ST-287","ST-1650",352,256
"ST-287","ST-1677",352,1033
"ST-287","ST-293",352,357
"ST-287","ST-294",352,358
"ST-287","ST-295",352,359
"ST-287","ST-413",352,440
"ST-288","ST-1650",353,256
"ST-289","ST-1320",354,167
"ST-289","ST-1650",354,256
"ST-289","ST-413",354,440
"ST-289","ST-416",354,442
"ST-289","ST-417",354,443
"ST-289","ST-418",354,444
"ST-290","ST-1223",355,119
"ST-290","ST-1323",355,169
"ST-292","ST-1653",356,959
"ST-292","ST-413",356,440
"ST-292","ST-422",356,447
"ST-293","ST-1653",357,959
"ST-293","ST-295",357,359
"ST-293","ST-426",357,448
"ST-294","ST-1539",358,1028
"ST-294","ST-1653",358,959
"ST-294","ST-1698",358,1034
"ST-294","ST-295",358,359
"ST-294","ST-422",358,447
"ST-295","ST-1322",359,168
"ST-295","ST-1539",359,1028
"ST-295","ST-1649",359,255
"ST-295","ST-1650",359,256
"ST-295","ST-1653",359,959
"ST-295","ST-1698",359,1034
"ST-295","ST-1701",359,1035
"ST-295","ST-296",359,360
"ST-295","ST-413",359,440
"ST-295","ST-426",359,448
"ST-296","ST-426",360,448
"ST-297","ST-683",361,632
"ST-297","ST-692",361,639
"ST-297","ST-750",361,689
"ST-298","ST-1354",362,184
"ST-299","ST-1354",363,184
"ST-299","ST-300",363,1032
"ST-3","ST-209",364,295
"ST-3","ST-4",364,429
"ST-3","ST-6",364,570
"ST-3","ST-8",364,729
"ST-30","ST-219",365,1036
"ST-30","ST-36",365,401
"ST-30","ST-37",365,410
"ST-30","ST-40",365,1037
"ST-30","ST-41",365,438
"ST-30","ST-42",365,446
"ST-30","ST-43",365,1038
"ST-301","ST-302",366,367
"ST-301","ST-303",366,368
"ST-302","ST-1223",367,119
"ST-303","ST-1223",368,119
"ST-304","ST-1223",369,119
"ST-304","ST-1353",369,931
"ST-305","ST-1319",370,165
"ST-305","ST-1354",370,184
"ST-305","ST-685",370,633
"ST-305","ST-699",370,643
"ST-306","ST-1319",371,165
"ST-308","ST-1015",372,6
"ST-308","ST-516",372,510
"ST-309","ST-994",373,851
"ST-310","ST-431",374,450
"ST-310","ST-994",374,851
"ST-311","ST-1000",375,1039
"ST-311","ST-1002",375,3
"ST-311","ST-1005",375,1040
"ST-311","ST-1017",375,7
"ST-311","ST-1018",375,854
"ST-311","ST-1496",375,218
"ST-311","ST-1499",375,1041
"ST-311","ST-1504",375,1042
"ST-311","ST-1505",375,855
"ST-311","ST-312",375,376
"ST-311","ST-315",375,378
"ST-311","ST-428",375,449
"ST-311","ST-664",375,621
"ST-311","ST-993",375,850
"ST-311","ST-994",375,851
"ST-311","ST-997",375,852
"ST-312","ST-1000",376,1039
"ST-312","ST-1005",376,1040
"ST-312","ST-1006",376,4
"ST-312","ST-1008",376,1043
"ST-312","ST-1016",376,1044
"ST-312","ST-1499",376,1041
"ST-312","ST-313",376,377
"ST-312","ST-315",376,378
"ST-312","ST-319",376,1045
"ST-312","ST-428",376,449
"ST-312","ST-993",376,850
"ST-312","ST-994",376,851
"ST-312","ST-997",376,852
"ST-313","ST-1016",377,1044
"ST-313","ST-1500",377,1046
"ST-315","ST-1000",378,1039
"ST-315","ST-1005",378,1040
"ST-315","ST-428",378,449
"ST-315","ST-993",378,850
"ST-32","ST-202",379,290
"ST-32","ST-207",379,1005
"ST-321","ST-524",380,518
"ST-321","ST-829",380,750
"ST-322","ST-1341",381,178
"ST-322","ST-1446",381,1047
"ST-322","ST-327",381,383
"ST-322","ST-435",381,451
"ST-327","ST-1341",383,178
"ST-327","ST-435",383,451
"ST-328","ST-437",384,452
"ST-328","ST-439",384,1049
"ST-329","ST-750",385,689
"ST-33","ST-1331",386,1050
"ST-33","ST-209",386,295
"ST-33","ST-35",386,397
"ST-33","ST-350",386,398
"ST-33","ST-455",386,466
"ST-33","ST-462",386,472
"ST-33","ST-87",386,773
"ST-33","ST-89",386,787
"ST-330","ST-1344",387,1051
"ST-334","ST-1443",388,963
"ST-334","ST-435",388,451
"ST-335","ST-1326",389,171
"ST-335","ST-1339",389,177
"ST-335","ST-1443",389,963
"ST-335","ST-442",389,454
"ST-335","ST-750",389,689
"ST-336","ST-1611",390,943
"ST-336","ST-1668",390,962
"ST-339","ST-340",391,998
"ST-341","ST-1643",392,990
"ST-341","ST-1692",392,996
"ST-341","ST-555",392,540
"ST-342","ST-1692",393,996
"ST-344","ST-455",394,466
"ST-347","ST-350",395,398
"ST-347","ST-463",395,1052
"ST-349","ST-350",396,398
"ST-349","ST-455",396,466
"ST-35","ST-350",397,398
"ST-35","ST-455",397,466
"ST-35","ST-462",397,472
"ST-35","ST-87",397,773
"ST-35","ST-89",397,787
"ST-350","ST-455",398,466
"ST-350","ST-460",398,470
"ST-350","ST-462",398,472
"ST-350","ST-463",398,1052
"ST-358","ST-1197",399,103
"ST-358","ST-369",399,409
"ST-359","ST-360",400,402
"ST-359","ST-372",400,1015
"ST-359","ST-408",400,1053
"ST-36","ST-219",401,1036
"ST-360","ST-1195",402,102
"ST-360","ST-1197",402,103
"ST-360","ST-1198",402,922
"ST-360","ST-1616",402,1014
"ST-361","ST-368",403,408
"ST-361","ST-445",403,456
"ST-362","ST-1199",404,867
"ST-362","ST-375",404,413
"ST-363","ST-1263",405,132
"ST-363","ST-371",405,411
"ST-364","ST-368",406,408
"ST-364","ST-382",406,416
"ST-364","ST-445",406,456
"ST-366","ST-1195",407,102
"ST-366","ST-1344",407,1051
"ST-366","ST-1599",407,1054
"ST-366","ST-376",407,414
"ST-366","ST-442",407,454
"ST-366","ST-750",407,689
"ST-368","ST-1193",408,100
"ST-368","ST-1661",408,258
"ST-368","ST-1690",408,858
"ST-368","ST-371",408,411
"ST-368","ST-446",408,457
"ST-369","ST-1197",409,103
"ST-369","ST-1198",409,922
"ST-369","ST-1347",409,180
"ST-369","ST-1440",409,968
"ST-369","ST-376",409,414
"ST-37","ST-219",410,1036
"ST-371","ST-445",411,456
"ST-374","ST-1336",412,175
"ST-375","ST-1690",413,858
"ST-376","ST-1195",414,102
"ST-376","ST-1336",414,175
"ST-376","ST-1377",414,881
"ST-376","ST-408",414,1053
"ST-376","ST-827",414,749
"ST-377","ST-1378",415,196
"ST-377","ST-1660",415,257
"ST-377","ST-387",415,419
"ST-377","ST-388",415,420
"ST-377","ST-984",415,845
"ST-382","ST-1193",416,100
"ST-382","ST-1194",416,101
"ST-382","ST-1263",416,132
"ST-382","ST-1660",416,257
"ST-384","ST-1192",417,1021
"ST-384","ST-445",417,456
"ST-384","ST-972",417,837
"ST-384","ST-984",417,845
"ST-385","ST-1263",418,132
"ST-385","ST-1603",418,247
"ST-385","ST-1662",418,942
"ST-387","ST-1602",419,1018
"ST-387","ST-388",419,420
"ST-387","ST-986",419,1055
"ST-388","ST-1602",420,1018
"ST-388","ST-1664",420,1022
"ST-388","ST-485",420,483
"ST-388","ST-492",420,488
"ST-388","ST-493",420,489
"ST-390","ST-391",421,422
"ST-390","ST-393",421,424
"ST-391","ST-1449",422,1056
"ST-391","ST-1629",422,1057
"ST-391","ST-392",422,423
"ST-391","ST-400",422,430
"ST-391","ST-402",422,432
"ST-391","ST-405",422,435
"ST-391","ST-406",422,436
"ST-392","ST-398",423,428
"ST-392","ST-400",423,430
"ST-393","ST-1336",424,175
"ST-393","ST-397",424,427
"ST-393","ST-398",424,428
"ST-394","ST-1263",425,132
"ST-394","ST-983",425,844
"ST-395","ST-1298",426,153
"ST-395","ST-849",426,762
"ST-397","ST-1632",427,1058
"ST-397","ST-400",427,430
"ST-397","ST-827",427,749
"ST-398","ST-1300",428,156
"ST-398","ST-1336",428,175
"ST-398","ST-1377",428,881
"ST-398","ST-1629",428,1057
"ST-398","ST-409",428,437
"ST-4","ST-10",429,1
"ST-4","ST-11",429,50
"ST-4","ST-14",429,198
"ST-4","ST-1692",429,996
"ST-4","ST-18",429,279
"ST-4","ST-20",429,287
"ST-4","ST-208",429,294
"ST-4","ST-209",429,295
"ST-4","ST-210",429,297
"ST-4","ST-211",429,997
"ST-4","ST-340",429,998
"ST-4","ST-341",429,392
"ST-4","ST-342",429,393
"ST-4","ST-5",429,496
"ST-4","ST-6",429,570
"ST-4","ST-8",429,729
"ST-4","ST-82",429,744
"ST-4","ST-9",429,795
"ST-400","ST-1628",430,1059
"ST-400","ST-402",430,432
"ST-400","ST-404",430,434
"ST-400","ST-827",430,749
"ST-401","ST-1299",431,1060
"ST-401","ST-1302",431,157
"ST-401","ST-1303",431,158
"ST-401","ST-1317",431,164
"ST-401","ST-1334",431,174
"ST-401","ST-1625",431,951
"ST-401","ST-402",431,432
"ST-401","ST-566",431,549
"ST-402","ST-1302",432,157
"ST-402","ST-1303",432,158
"ST-402","ST-1625",432,951
"ST-403","ST-404",433,434
"ST-403","ST-407",433,1061
"ST-404","ST-1317",434,164
"ST-404","ST-407",434,1061
"ST-405","ST-406",435,436
"ST-406","ST-1303",436,158
"ST-409","ST-1336",437,175
"ST-409","ST-1629",437,1057
"ST-41","ST-219",438,1036
"ST-410","ST-1298",439,153
"ST-413","ST-1319",440,165
"ST-413","ST-1320",440,167
"ST-413","ST-1322",440,168
"ST-413","ST-1539",440,1028
"ST-413","ST-1649",440,255
"ST-413","ST-1650",440,256
"ST-413","ST-1677",440,1033
"ST-413","ST-416",440,442
"ST-413","ST-417",440,443
"ST-413","ST-418",440,444
"ST-413","ST-419",440,445
"ST-413","ST-420",440,1062
"ST-413","ST-664",440,621
"ST-414","ST-426",441,448
"ST-416","ST-1320",442,167
"ST-416","ST-1650",442,256
"ST-416","ST-417",442,443
"ST-416","ST-664",442,621
"ST-417","ST-1320",443,167
"ST-417","ST-1650",443,256
"ST-417","ST-664",443,621
"ST-417","ST-668",443,624
"ST-418","ST-1320",444,167
"ST-418","ST-1650",444,256
"ST-419","ST-1650",445,256
"ST-42","ST-219",446,1036
"ST-422","ST-1539",447,1028
"ST-426","ST-1701",448,1035
"ST-426","ST-520",448,515
"ST-426","ST-692",448,639
"ST-426","ST-750",448,689
"ST-428","ST-1005",449,1040
"ST-428","ST-993",449,850
"ST-428","ST-994",449,851
"ST-431","ST-1002",450,3
"ST-431","ST-994",450,851
"ST-431","ST-997",450,852
"ST-435","ST-1325",451,1063
"ST-435","ST-1326",451,171
"ST-435","ST-1339",451,177
"ST-435","ST-1341",451,178
"ST-435","ST-1342",451,179
"ST-435","ST-1615",451,964
"ST-435","ST-436",451,1064
"ST-435","ST-437",451,452
"ST-435","ST-683",451,632
"ST-435","ST-877",451,778
"ST-437","ST-1342",452,179
"ST-437","ST-439",452,1049
"ST-437","ST-946",452,944
"ST-438","ST-1341",453,178
"ST-442","ST-1339",454,177
"ST-442","ST-1344",454,1051
"ST-442","ST-1443",454,963
"ST-442","ST-750",454,689
"ST-444","ST-1201",455,107
"ST-444","ST-842",455,760
"ST-445","ST-1193",456,100
"ST-445","ST-1194",456,101
"ST-445","ST-1263",456,132
"ST-445","ST-1271",456,1019
"ST-445","ST-1660",456,257
"ST-445","ST-972",456,837
"ST-445","ST-974",456,839
"ST-446","ST-1191",457,99
"ST-446","ST-1660",457,257
"ST-446","ST-1690",457,858
"ST-446","ST-506",457,504
"ST-448","ST-455",458,466
"ST-448","ST-465",458,474
"ST-449","ST-1479",459,1065
"ST-449","ST-455",459,466
"ST-449","ST-459",459,468
"ST-449","ST-461",459,471
"ST-449","ST-465",459,474
"ST-45","ST-426",460,448
"ST-450","ST-453",461,464
"ST-451","ST-1481",462,215
"ST-451","ST-1483",462,859
"ST-451","ST-453",462,464
"ST-452","ST-1481",463,215
"ST-452","ST-1483",463,859
"ST-452","ST-453",463,464
"ST-453","ST-1027",464,1066
"ST-453","ST-1028",464,9
"ST-453","ST-1031",464,1067
"ST-453","ST-1033",464,1068
"ST-453","ST-1329",464,172
"ST-453","ST-1490",464,1069
"ST-454","ST-1029",465,1070
"ST-454","ST-1036",465,1071
"ST-454","ST-1331",465,1050
"ST-454","ST-455",465,466
"ST-454","ST-456",465,467
"ST-454","ST-461",465,471
"ST-454","ST-462",465,472
"ST-454","ST-464",465,473
"ST-454","ST-479",465,479
"ST-454","ST-480",465,1072
"ST-454","ST-481",465,480
"ST-455","ST-1025",466,1073
"ST-455","ST-1029",466,1070
"ST-455","ST-1036",466,1071
"ST-455","ST-1037",466,1074
"ST-455","ST-1331",466,1050
"ST-455","ST-1479",466,1065
"ST-455","ST-456",466,467
"ST-455","ST-459",466,468
"ST-455","ST-460",466,470
"ST-455","ST-461",466,471
"ST-455","ST-462",466,472
"ST-455","ST-463",466,1052
"ST-455","ST-464",466,473
"ST-455","ST-465",466,474
"ST-455","ST-474",466,477
"ST-455","ST-479",466,479
"ST-455","ST-480",466,1072
"ST-455","ST-481",466,480
"ST-456","ST-1037",467,1074
"ST-459","ST-1029",468,1070
"ST-459","ST-461",468,471
"ST-459","ST-465",468,474
"ST-46","ST-426",469,448
"ST-46","ST-47",469,476
"ST-46","ST-56",469,542
"ST-46","ST-73",469,671
"ST-460","ST-1331",470,1050
"ST-460","ST-1479",470,1065
"ST-460","ST-461",470,471
"ST-460","ST-462",470,472
"ST-460","ST-463",470,1052
"ST-461","ST-1029",471,1070
"ST-461","ST-1331",471,1050
"ST-461","ST-462",471,472
"ST-461","ST-464",471,473
"ST-461","ST-465",471,474
"ST-461","ST-479",471,479
"ST-462","ST-1331",472,1050
"ST-462","ST-463",472,1052
"ST-462","ST-479",472,479
"ST-464","ST-474",473,477
"ST-465","ST-1029",474,1070
"ST-465","ST-1479",474,1065
"ST-469","ST-1037",475,1074
"ST-47","ST-1319",476,165
"ST-47","ST-1321",476,958
"ST-47","ST-204",476,292
"ST-47","ST-296",476,360
"ST-47","ST-306",476,371
"ST-47","ST-307",476,1075
"ST-47","ST-426",476,448
"ST-47","ST-50",476,497
"ST-47","ST-52",476,514
"ST-47","ST-53",476,523
"ST-47","ST-56",476,542
"ST-47","ST-57",476,552
"ST-47","ST-58",476,559
"ST-47","ST-59",476,565
"ST-47","ST-683",476,632
"ST-47","ST-73",476,671
"ST-474","ST-1032",477,10
"ST-474","ST-1484",477,975
"ST-474","ST-1485",477,1076
"ST-474","ST-475",477,478
"ST-475","ST-1485",478,1076
"ST-479","ST-1036",479,1071
"ST-479","ST-1037",479,1074
"ST-479","ST-480",479,1072
"ST-479","ST-481",479,480
"ST-481","ST-1037",480,1074
"ST-482","ST-1690",481,858
"ST-483","ST-1660",482,257
"ST-483","ST-1661",482,258
"ST-483","ST-972",482,837
"ST-485","ST-1421",483,1077
"ST-485","ST-486",483,484
"ST-485","ST-487",483,485
"ST-485","ST-488",483,486
"ST-485","ST-492",483,488
"ST-485","ST-493",483,489
"ST-486","ST-492",484,488
"ST-486","ST-493",484,489
"ST-487","ST-492",485,488
"ST-487","ST-493",485,489
"ST-488","ST-1421",486,1077
"ST-488","ST-492",486,488
"ST-488","ST-493",486,489
"ST-490","ST-1052",487,21
"ST-492","ST-1046",488,17
"ST-492","ST-1049",488,1078
"ST-492","ST-1061",488,24
"ST-492","ST-1083",488,40
"ST-492","ST-1421",488,1077
"ST-492","ST-1422",488,1079
"ST-492","ST-1621",488,868
"ST-492","ST-493",488,489
"ST-493","ST-1041",489,14
"ST-493","ST-1045",489,16
"ST-493","ST-1061",489,24
"ST-493","ST-1092",489,877
"ST-493","ST-1369",489,191
"ST-493","ST-1420",489,207
"ST-493","ST-1421",489,1077
"ST-493","ST-1620",489,1080
"ST-493","ST-1621",489,868
"ST-493","ST-1626",489,869
"ST-493","ST-494",489,490
"ST-493","ST-495",489,491
"ST-493","ST-497",489,493
"ST-493","ST-501",489,499
"ST-493","ST-502",489,500
"ST-493","ST-503",489,501
"ST-493","ST-541",489,529
"ST-494","ST-1061",490,24
"ST-494","ST-1420",490,207
"ST-494","ST-1626",490,869
"ST-494","ST-498",490,494
"ST-494","ST-501",490,499
"ST-494","ST-502",490,500
"ST-494","ST-503",490,501
"ST-495","ST-1041",491,14
"ST-495","ST-1044",491,1081
"ST-495","ST-1061",491,24
"ST-495","ST-1370",491,192
"ST-495","ST-1420",491,207
"ST-495","ST-1580",491,238
"ST-495","ST-1720",491,865
"ST-495","ST-501",491,499
"ST-495","ST-502",491,500
"ST-495","ST-503",491,501
"ST-495","ST-505",491,503
"ST-496","ST-1045",492,16
"ST-496","ST-497",492,493
"ST-496","ST-503",492,501
"ST-496","ST-541",492,529
"ST-497","ST-1046",493,17
"ST-497","ST-502",493,500
"ST-497","ST-503",493,501
"ST-498","ST-1061",494,24
"ST-498","ST-1421",494,1077
"ST-499","ST-1052",495,21
"ST-499","ST-1053",495,22
"ST-499","ST-1061",495,24
"ST-5","ST-10",496,1
"ST-5","ST-18",496,279
"ST-5","ST-208",496,294
"ST-5","ST-209",496,295
"ST-5","ST-211",496,997
"ST-5","ST-340",496,998
"ST-5","ST-6",496,570
"ST-5","ST-8",496,729
"ST-5","ST-82",496,744
"ST-5","ST-9",496,795
"ST-50","ST-1319",497,165
"ST-50","ST-1649",497,255
"ST-50","ST-1701",497,1035
"ST-50","ST-307",497,1075
"ST-50","ST-56",497,542
"ST-50","ST-57",497,552
"ST-50","ST-58",497,559
"ST-50","ST-59",497,565
"ST-50","ST-60",497,571
"ST-50","ST-73",497,671
"ST-500","ST-1040",498,13
"ST-500","ST-504",498,502
"ST-501","ST-1061",499,24
"ST-501","ST-1420",499,207
"ST-502","ST-1041",500,14
"ST-502","ST-1046",500,17
"ST-502","ST-1061",500,24
"ST-502","ST-1420",500,207
"ST-502","ST-1580",500,238
"ST-502","ST-1626",500,869
"ST-502","ST-1720",500,865
"ST-502","ST-503",500,501
"ST-502","ST-505",500,503
"ST-502","ST-892",500,790
"ST-503","ST-1041",501,14
"ST-503","ST-1046",501,17
"ST-503","ST-1061",501,24
"ST-503","ST-1087",501,43
"ST-503","ST-1369",501,191
"ST-503","ST-1370",501,192
"ST-503","ST-1420",501,207
"ST-503","ST-505",501,503
"ST-504","ST-1040",502,13
"ST-504","ST-1052",502,21
"ST-504","ST-1371",502,862
"ST-504","ST-1597",502,1082
"ST-505","ST-1046",503,17
"ST-505","ST-1061",503,24
"ST-505","ST-1420",503,207
"ST-506","ST-1193",504,100
"ST-506","ST-1199",504,867
"ST-506","ST-1660",504,257
"ST-506","ST-1661",504,258
"ST-506","ST-1690",504,858
"ST-508","ST-1515",505,1083
"ST-508","ST-513",505,508
"ST-508","ST-831",505,1084
"ST-508","ST-975",505,840
"ST-51","ST-57",506,552
"ST-512","ST-1063",507,26
"ST-512","ST-975",507,840
"ST-513","ST-1062",508,25
"ST-513","ST-1063",508,26
"ST-513","ST-1065",508,28
"ST-513","ST-1251",508,129
"ST-513","ST-1253",508,130
"ST-513","ST-1254",508,1085
"ST-513","ST-1352",508,183
"ST-513","ST-1515",508,1083
"ST-513","ST-1645",508,254
"ST-513","ST-1688",508,260
"ST-513","ST-1689",508,261
"ST-513","ST-1714",508,269
"ST-513","ST-1718",508,870
"ST-513","ST-1727",508,1086
"ST-513","ST-514",508,509
"ST-513","ST-824",508,747
"ST-513","ST-831",508,1084
"ST-513","ST-975",508,840
"ST-514","ST-1251",509,129
"ST-514","ST-1718",509,870
"ST-516","ST-1249",510,126
"ST-516","ST-1250",510,128
"ST-516","ST-1251",510,129
"ST-516","ST-1351",510,182
"ST-516","ST-1508",510,978
"ST-516","ST-1510",510,222
"ST-516","ST-517",510,511
"ST-516","ST-518",510,512
"ST-516","ST-520",510,515
"ST-516","ST-530",510,1087
"ST-516","ST-833",510,753
"ST-517","ST-1249",511,126
"ST-517","ST-1506",511,221
"ST-517","ST-1508",511,978
"ST-518","ST-1067",512,29
"ST-518","ST-1249",512,126
"ST-518","ST-519",512,513
"ST-519","ST-1067",513,29
"ST-519","ST-1249",513,126
"ST-519","ST-520",513,515
"ST-52","ST-1319",514,165
"ST-52","ST-307",514,1075
"ST-52","ST-56",514,542
"ST-52","ST-57",514,552
"ST-52","ST-58",514,559
"ST-52","ST-60",514,571
"ST-52","ST-73",514,671
"ST-520","ST-1249",515,126
"ST-522","ST-1069",516,30
"ST-522","ST-1249",516,126
"ST-522","ST-1251",516,129
"ST-522","ST-1351",516,182
"ST-522","ST-1510",516,222
"ST-522","ST-1519",516,871
"ST-522","ST-523",516,517
"ST-522","ST-525",516,519
"ST-522","ST-834",516,754
"ST-522","ST-835",516,755
"ST-523","ST-1065",517,28
"ST-523","ST-835",517,755
"ST-524","ST-1010",518,1088
"ST-524","ST-1011",518,1089
"ST-524","ST-1069",518,30
"ST-524","ST-537",518,1090
"ST-525","ST-1694",519,1091
"ST-525","ST-527",519,521
"ST-525","ST-835",519,755
"ST-526","ST-1069",520,30
"ST-526","ST-527",520,521
"ST-527","ST-1069",521,30
"ST-527","ST-1249",521,126
"ST-527","ST-1510",521,222
"ST-527","ST-1519",521,871
"ST-527","ST-834",521,754
"ST-528","ST-1249",522,126
"ST-528","ST-530",522,1087
"ST-528","ST-531",522,1092
"ST-53","ST-1319",523,165
"ST-53","ST-307",523,1075
"ST-53","ST-56",523,542
"ST-53","ST-57",523,552
"ST-53","ST-58",523,559
"ST-53","ST-59",523,565
"ST-53","ST-73",523,671
"ST-534","ST-1002",524,3
"ST-534","ST-994",524,851
"ST-535","ST-1002",525,3
"ST-535","ST-994",525,851
"ST-536","ST-537",526,1090
"ST-539","ST-540",527,528
"ST-539","ST-546",527,534
"ST-539","ST-909",527,1093
"ST-540","ST-1729",528,273
"ST-540","ST-546",528,534
"ST-540","ST-547",528,535
"ST-540","ST-891",528,789
"ST-540","ST-909",528,1093
"ST-540","ST-933",528,820
"ST-540","ST-955",528,831
"ST-541","ST-1046",529,17
"ST-541","ST-1047",529,18
"ST-541","ST-1083",529,40
"ST-541","ST-1087",529,43
"ST-541","ST-1409",529,202
"ST-541","ST-1627",529,878
"ST-541","ST-1684",529,879
"ST-541","ST-542",529,530
"ST-542","ST-1047",530,18
"ST-542","ST-1087",530,43
"ST-542","ST-1409",530,202
"ST-542","ST-1584",530,240
"ST-542","ST-1627",530,878
"ST-542","ST-1705",530,880
"ST-542","ST-1719",530,270
"ST-542","ST-1720",530,865
"ST-542","ST-1730",530,874
"ST-542","ST-547",530,535
"ST-542","ST-739",530,678
"ST-542","ST-891",530,789
"ST-542","ST-894",530,791
"ST-543","ST-1078",531,36
"ST-543","ST-1719",531,270
"ST-543","ST-1720",531,865
"ST-543","ST-908",531,802
"ST-544","ST-1078",532,36
"ST-544","ST-1413",532,203
"ST-544","ST-1420",532,207
"ST-544","ST-1720",532,865
"ST-544","ST-830",532,752
"ST-544","ST-892",532,790
"ST-545","ST-904",533,798
"ST-546","ST-1584",534,240
"ST-546","ST-1728",534,272
"ST-546","ST-1729",534,273
"ST-546","ST-547",534,535
"ST-546","ST-550",534,538
"ST-546","ST-553",534,539
"ST-546","ST-891",534,789
"ST-546","ST-909",534,1093
"ST-547","ST-1070",535,32
"ST-547","ST-1087",535,43
"ST-547","ST-1088",535,44
"ST-547","ST-1582",535,239
"ST-547","ST-1584",535,240
"ST-547","ST-1586",535,242
"ST-547","ST-1590",535,244
"ST-547","ST-1681",535,259
"ST-547","ST-1683",535,872
"ST-547","ST-1705",535,880
"ST-547","ST-1728",535,272
"ST-547","ST-1729",535,273
"ST-547","ST-548",535,536
"ST-547","ST-550",535,538
"ST-547","ST-551",535,1094
"ST-547","ST-553",535,539
"ST-547","ST-739",535,678
"ST-547","ST-800",535,1095
"ST-547","ST-840",535,759
"ST-547","ST-891",535,789
"ST-547","ST-933",535,820
"ST-547","ST-955",535,831
"ST-548","ST-1088",536,44
"ST-548","ST-1584",536,240
"ST-548","ST-1705",536,880
"ST-548","ST-550",536,538
"ST-548","ST-840",536,759
"ST-548","ST-891",536,789
"ST-548","ST-955",536,831
"ST-55","ST-56",537,542
"ST-55","ST-57",537,552
"ST-55","ST-66",537,617
"ST-55","ST-68",537,631
"ST-55","ST-70",537,645
"ST-55","ST-73",537,671
"ST-550","ST-1582",538,239
"ST-550","ST-1584",538,240
"ST-550","ST-1590",538,244
"ST-550","ST-1705",538,880
"ST-550","ST-1729",538,273
"ST-550","ST-553",538,539
"ST-550","ST-891",538,789
"ST-553","ST-1582",539,239
"ST-553","ST-1584",539,240
"ST-553","ST-1590",539,244
"ST-553","ST-1683",539,872
"ST-553","ST-1728",539,272
"ST-553","ST-1729",539,273
"ST-553","ST-739",539,678
"ST-553","ST-891",539,789
"ST-553","ST-933",539,820
"ST-555","ST-1643",540,990
"ST-555","ST-1692",540,996
"ST-558","ST-1111",541,59
"ST-558","ST-1474",541,966
"ST-558","ST-566",541,549
"ST-558","ST-570",541,553
"ST-558","ST-735",541,675
"ST-56","ST-1319",542,165
"ST-56","ST-1321",542,958
"ST-56","ST-1649",542,255
"ST-56","ST-1701",542,1035
"ST-56","ST-202",542,290
"ST-56","ST-204",542,292
"ST-56","ST-205",542,293
"ST-56","ST-296",542,360
"ST-56","ST-297",542,361
"ST-56","ST-305",542,370
"ST-56","ST-306",542,371
"ST-56","ST-307",542,1075
"ST-56","ST-426",542,448
"ST-56","ST-57",542,552
"ST-56","ST-59",542,565
"ST-56","ST-60",542,571
"ST-56","ST-65",542,612
"ST-56","ST-66",542,617
"ST-56","ST-68",542,631
"ST-56","ST-70",542,645
"ST-56","ST-73",542,671
"ST-56","ST-750",542,689
"ST-560","ST-563",543,546
"ST-561","ST-568",544,551
"ST-562","ST-563",545,546
"ST-563","ST-1210",546,112
"ST-563","ST-1384",546,1096
"ST-563","ST-655",546,615
"ST-564","ST-1105",547,54
"ST-564","ST-1637",547,1097
"ST-564","ST-655",547,615
"ST-564","ST-910",547,804
"ST-565","ST-1317",548,164
"ST-565","ST-1636",548,957
"ST-565","ST-567",548,550
"ST-565","ST-655",548,615
"ST-565","ST-910",548,804
"ST-566","ST-1093",549,46
"ST-566","ST-1097",549,47
"ST-566","ST-1098",549,48
"ST-566","ST-1099",549,49
"ST-566","ST-1302",549,157
"ST-566","ST-1332",549,173
"ST-566","ST-1334",549,174
"ST-566","ST-1346",549,1098
"ST-566","ST-1451",549,884
"ST-566","ST-568",549,551
"ST-566","ST-599",549,569
"ST-566","ST-857",549,768
"ST-567","ST-655",550,615
"ST-568","ST-1332",551,173
"ST-568","ST-1380",551,1099
"ST-568","ST-856",551,767
"ST-57","ST-307",552,1075
"ST-57","ST-61",552,581
"ST-57","ST-65",552,612
"ST-57","ST-66",552,617
"ST-57","ST-68",552,631
"ST-57","ST-70",552,645
"ST-57","ST-73",552,671
"ST-570","ST-604",553,576
"ST-570","ST-857",553,768
"ST-572","ST-579",554,558
"ST-572","ST-910",554,804
"ST-574","ST-910",555,804
"ST-577","ST-1333",556,1100
"ST-577","ST-603",556,575
"ST-577","ST-856",556,767
"ST-578","ST-1299",557,1060
"ST-578","ST-579",557,558
"ST-578","ST-600",557,572
"ST-579","ST-1280",558,144
"ST-579","ST-600",558,572
"ST-579","ST-910",558,804
"ST-58","ST-1319",559,165
"ST-58","ST-1321",559,958
"ST-58","ST-305",559,370
"ST-58","ST-307",559,1075
"ST-58","ST-59",559,565
"ST-58","ST-68",559,631
"ST-58","ST-73",559,671
"ST-580","ST-1280",560,144
"ST-580","ST-600",560,572
"ST-583","ST-596",561,567
"ST-584","ST-596",562,567
"ST-585","ST-596",563,567
"ST-586","ST-596",564,567
"ST-59","ST-1319",565,165
"ST-59","ST-1321",565,958
"ST-59","ST-305",565,370
"ST-59","ST-306",565,371
"ST-59","ST-307",565,1075
"ST-59","ST-60",565,571
"ST-59","ST-63",565,597
"ST-595","ST-849",566,762
"ST-596","ST-603",567,575
"ST-596","ST-856",567,767
"ST-597","ST-1317",568,164
"ST-597","ST-1625",568,951
"ST-597","ST-1636",568,957
"ST-597","ST-655",568,615
"ST-597","ST-827",568,749
"ST-597","ST-910",568,804
"ST-599","ST-1093",569,46
"ST-599","ST-1099",569,49
"ST-599","ST-1302",569,157
"ST-599","ST-1332",569,173
"ST-599","ST-1451",569,884
"ST-599","ST-857",569,768
"ST-6","ST-18",570,279
"ST-6","ST-20",570,287
"ST-6","ST-208",570,294
"ST-6","ST-209",570,295
"ST-6","ST-340",570,998
"ST-6","ST-9",570,795
"ST-60","ST-1319",571,165
"ST-60","ST-1321",571,958
"ST-600","ST-1107",572,55
"ST-600","ST-1204",572,1101
"ST-600","ST-1213",572,1102
"ST-600","ST-1280",572,144
"ST-600","ST-1288",572,1103
"ST-600","ST-1474",572,966
"ST-600","ST-601",572,573
"ST-600","ST-735",572,675
"ST-600","ST-913",572,805
"ST-601","ST-1280",573,144
"ST-602","ST-604",574,576
"ST-602","ST-735",574,675
"ST-603","ST-1114",575,60
"ST-603","ST-1123",575,1104
"ST-603","ST-1349",575,181
"ST-603","ST-1395",575,893
"ST-603","ST-1474",575,966
"ST-603","ST-604",575,576
"ST-603","ST-605",575,577
"ST-603","ST-607",575,579
"ST-603","ST-735",575,675
"ST-603","ST-853",575,765
"ST-603","ST-964",575,834
"ST-604","ST-1118",576,61
"ST-604","ST-1123",576,1104
"ST-604","ST-1285",576,148
"ST-604","ST-1474",576,966
"ST-604","ST-605",576,577
"ST-604","ST-606",576,578
"ST-604","ST-607",576,579
"ST-604","ST-735",576,675
"ST-605","ST-1118",577,61
"ST-605","ST-1123",577,1104
"ST-605","ST-1285",577,148
"ST-605","ST-1290",577,151
"ST-605","ST-1425",577,1105
"ST-605","ST-1474",577,966
"ST-605","ST-610",577,582
"ST-605","ST-735",577,675
"ST-605","ST-736",577,676
"ST-605","ST-866",577,1106
"ST-606","ST-1285",578,148
"ST-606","ST-1290",578,151
"ST-606","ST-1291",578,898
"ST-606","ST-607",578,579
"ST-606","ST-610",578,582
"ST-607","ST-1118",579,61
"ST-607","ST-1123",579,1104
"ST-607","ST-1124",579,64
"ST-607","ST-1285",579,148
"ST-607","ST-1290",579,151
"ST-607","ST-610",579,582
"ST-607","ST-735",579,675
"ST-607","ST-736",579,676
"ST-607","ST-914",579,806
"ST-608","ST-1121",580,63
"ST-608","ST-1122",580,1107
"ST-608","ST-611",580,583
"ST-608","ST-914",580,806
"ST-61","ST-73",581,671
"ST-610","ST-1118",582,61
"ST-610","ST-1121",582,63
"ST-610","ST-1124",582,64
"ST-610","ST-1285",582,148
"ST-610","ST-1290",582,151
"ST-610","ST-1291",582,898
"ST-610","ST-1470",582,945
"ST-610","ST-1639",582,251
"ST-610","ST-1641",582,988
"ST-610","ST-611",582,583
"ST-610","ST-617",582,588
"ST-611","ST-1118",583,61
"ST-611","ST-1124",583,64
"ST-611","ST-1283",583,146
"ST-611","ST-1284",583,147
"ST-611","ST-1285",583,148
"ST-611","ST-1287",583,894
"ST-611","ST-1290",583,151
"ST-611","ST-1291",583,898
"ST-611","ST-1425",583,1105
"ST-611","ST-1473",583,946
"ST-611","ST-1642",583,253
"ST-611","ST-736",583,676
"ST-611","ST-867",583,770
"ST-611","ST-914",583,806
"ST-613","ST-1137",584,71
"ST-614","ST-1136",585,70
"ST-614","ST-1465",585,949
"ST-614","ST-658",585,616
"ST-615","ST-1137",586,71
"ST-615","ST-1466",586,901
"ST-615","ST-616",586,587
"ST-615","ST-643",586,608
"ST-616","ST-1137",587,71
"ST-616","ST-1293",587,152
"ST-616","ST-1296",587,899
"ST-616","ST-1465",587,949
"ST-616","ST-1466",587,901
"ST-616","ST-643",587,608
"ST-616","ST-658",587,616
"ST-616","ST-916",587,808
"ST-617","ST-1279",588,897
"ST-617","ST-1291",588,898
"ST-617","ST-1292",588,1108
"ST-617","ST-1470",588,945
"ST-619","ST-1403",589,930
"ST-619","ST-620",589,591
"ST-619","ST-622",589,593
"ST-619","ST-632",589,599
"ST-619","ST-640",589,606
"ST-62","ST-307",590,1075
"ST-62","ST-68",590,631
"ST-620","ST-1403",591,930
"ST-621","ST-1403",592,930
"ST-622","ST-1403",593,930
"ST-623","ST-1403",594,930
"ST-625","ST-1140",595,73
"ST-625","ST-637",595,603
"ST-63","ST-307",597,1075
"ST-63","ST-65",597,612
"ST-630","ST-642",598,607
"ST-632","ST-640",599,606
"ST-632","ST-660",599,618
"ST-634","ST-660",600,618
"ST-635","ST-936",601,823
"ST-636","ST-639",602,604
"ST-637","ST-1140",603,73
"ST-637","ST-1142",603,74
"ST-637","ST-1149",603,903
"ST-637","ST-639",603,604
"ST-639","ST-1140",604,73
"ST-639","ST-1141",604,1110
"ST-639","ST-1147",604,77
"ST-639","ST-1149",604,903
"ST-64","ST-73",605,671
"ST-64","ST-750",605,689
"ST-640","ST-1403",606,930
"ST-640","ST-1531",606,1111
"ST-640","ST-660",606,618
"ST-640","ST-919",606,810
"ST-642","ST-1147",607,77
"ST-643","ST-1100",608,1112
"ST-643","ST-1104",608,1113
"ST-643","ST-1105",608,54
"ST-643","ST-1107",608,55
"ST-643","ST-1109",608,57
"ST-643","ST-1129",608,67
"ST-643","ST-1131",608,1114
"ST-643","ST-1388",608,197
"ST-643","ST-1389",608,889
"ST-643","ST-1390",608,890
"ST-643","ST-1469",608,213
"ST-643","ST-1638",608,250
"ST-643","ST-1726",608,892
"ST-643","ST-645",608,609
"ST-643","ST-650",608,613
"ST-643","ST-651",608,1115
"ST-643","ST-652",608,614
"ST-643","ST-654",608,1116
"ST-643","ST-859",608,1117
"ST-643","ST-862",608,1118
"ST-643","ST-948",608,826
"ST-645","ST-1109",609,57
"ST-646","ST-1107",610,55
"ST-646","ST-1110",610,1119
"ST-646","ST-1469",610,213
"ST-646","ST-1638",610,250
"ST-646","ST-859",610,1117
"ST-648","ST-1105",611,54
"ST-648","ST-1665",611,1120
"ST-65","ST-73",612,671
"ST-650","ST-1109",613,57
"ST-650","ST-1389",613,889
"ST-652","ST-1109",614,57
"ST-655","ST-1317",615,164
"ST-655","ST-1625",615,951
"ST-655","ST-1636",615,957
"ST-655","ST-827",615,749
"ST-655","ST-910",615,804
"ST-658","ST-1137",616,71
"ST-658","ST-1465",616,949
"ST-66","ST-307",617,1075
"ST-66","ST-68",617,631
"ST-66","ST-72",617,662
"ST-66","ST-73",617,671
"ST-660","ST-1531",618,1111
"ST-662","ST-663",619,620
"ST-662","ST-664",619,621
"ST-663","ST-664",620,621
"ST-664","ST-1000",621,1039
"ST-664","ST-1218",621,114
"ST-664","ST-1219",621,115
"ST-664","ST-1222",621,118
"ST-664","ST-1236",621,1121
"ST-664","ST-1275",621,141
"ST-664","ST-1319",621,165
"ST-664","ST-1523",621,934
"ST-664","ST-1546",621,230
"ST-664","ST-1650",621,256
"ST-664","ST-1678",621,932
"ST-664","ST-1699",621,960
"ST-664","ST-1733",621,1122
"ST-664","ST-666",621,623
"ST-664","ST-668",621,624
"ST-664","ST-702",621,647
"ST-664","ST-713",621,658
"ST-664","ST-873",621,1123
"ST-664","ST-919",621,810
"ST-665","ST-1403",622,930
"ST-665","ST-666",622,623
"ST-666","ST-1219",623,115
"ST-666","ST-873",623,1123
"ST-666","ST-919",623,810
"ST-668","ST-1223",624,119
"ST-668","ST-1224",624,1124
"ST-668","ST-1268",624,137
"ST-668","ST-1275",624,141
"ST-668","ST-1357",624,186
"ST-668","ST-1521",624,225
"ST-668","ST-1542",624,228
"ST-668","ST-1546",624,230
"ST-668","ST-1678",624,932
"ST-668","ST-674",624,628
"ST-668","ST-702",624,647
"ST-668","ST-713",624,658
"ST-668","ST-724",624,665
"ST-668","ST-882",624,781
"ST-668","ST-883",624,782
"ST-668","ST-936",624,823
"ST-669","ST-1237",625,122
"ST-669","ST-1521",625,225
"ST-67","ST-70",626,645
"ST-67","ST-71",626,654
"ST-67","ST-73",626,671
"ST-67","ST-750",626,689
"ST-673","ST-1223",627,119
"ST-673","ST-1275",627,141
"ST-674","ST-936",628,823
"ST-675","ST-1219",629,115
"ST-675","ST-1228",629,1125
"ST-678","ST-1526",630,1126
"ST-678","ST-919",630,810
"ST-678","ST-920",630,1127
"ST-68","ST-307",631,1075
"ST-68","ST-69",631,636
"ST-68","ST-70",631,645
"ST-68","ST-71",631,654
"ST-68","ST-72",631,662
"ST-68","ST-73",631,671
"ST-683","ST-1150",632,78
"ST-683","ST-1326",632,171
"ST-683","ST-1545",632,967
"ST-683","ST-687",632,634
"ST-683","ST-692",632,639
"ST-683","ST-699",632,643
"ST-683","ST-700",632,646
"ST-683","ST-750",632,689
"ST-683","ST-776",632,714
"ST-683","ST-877",632,778
"ST-685","ST-1150",633,78
"ST-685","ST-1354",633,184
"ST-685","ST-1356",633,185
"ST-685","ST-687",633,634
"ST-685","ST-699",633,643
"ST-687","ST-1150",634,78
"ST-687","ST-1545",634,967
"ST-687","ST-1667",634,1128
"ST-687","ST-691",634,638
"ST-687","ST-699",634,643
"ST-687","ST-728",634,669
"ST-688","ST-1151",635,79
"ST-688","ST-1268",635,137
"ST-688","ST-1543",635,229
"ST-688","ST-733",635,674
"ST-69","ST-307",636,1075
"ST-69","ST-71",636,654
"ST-690","ST-1150",637,78
"ST-690","ST-691",637,638
"ST-690","ST-728",637,669
"ST-691","ST-1667",638,1128
"ST-691","ST-728",638,669
"ST-692","ST-693",639,640
"ST-692","ST-747",639,686
"ST-692","ST-748",639,687
"ST-692","ST-749",639,688
"ST-692","ST-750",639,689
"ST-692","ST-751",639,690
"ST-692","ST-776",639,714
"ST-693","ST-932",640,1129
"ST-694","ST-760",641,699
"ST-694","ST-935",641,822
"ST-695","ST-750",642,689
"ST-699","ST-1150",643,78
"ST-699","ST-1354",643,184
"ST-699","ST-1356",643,185
"ST-699","ST-700",643,646
"ST-699","ST-728",643,669
"ST-699","ST-877",643,778
"ST-7","ST-10",644,1
"ST-7","ST-11",644,50
"ST-7","ST-16",644,245
"ST-7","ST-18",644,279
"ST-7","ST-20",644,287
"ST-70","ST-307",645,1075
"ST-70","ST-73",645,671
"ST-700","ST-1150",646,78
"ST-702","ST-1151",647,79
"ST-702","ST-1223",647,119
"ST-702","ST-1265",647,134
"ST-702","ST-1268",647,137
"ST-702","ST-1357",647,186
"ST-702","ST-1521",647,225
"ST-702","ST-1546",647,230
"ST-702","ST-1549",647,1130
"ST-702","ST-1678",647,932
"ST-702","ST-703",647,648
"ST-702","ST-705",647,650
"ST-702","ST-708",647,652
"ST-702","ST-709",647,653
"ST-702","ST-710",647,655
"ST-702","ST-711",647,656
"ST-702","ST-713",647,658
"ST-702","ST-724",647,665
"ST-702","ST-733",647,674
"ST-702","ST-886",647,784
"ST-702","ST-934",647,821
"ST-702","ST-936",647,823
"ST-702","ST-951",647,829
"ST-702","ST-952",647,830
"ST-703","ST-1268",648,137
"ST-703","ST-1546",648,230
"ST-703","ST-1678",648,932
"ST-704","ST-1546",649,230
"ST-704","ST-705",649,650
"ST-705","ST-1546",650,230
"ST-705","ST-707",650,651
"ST-705","ST-711",650,656
"ST-707","ST-1546",651,230
"ST-708","ST-1268",652,137
"ST-708","ST-1549",652,1130
"ST-708","ST-1678",652,932
"ST-708","ST-713",652,658
"ST-708","ST-951",652,829
"ST-709","ST-1546",653,230
"ST-71","ST-307",654,1075
"ST-710","ST-1546",655,230
"ST-711","ST-1546",656,230
"ST-712","ST-1310",657,162
"ST-712","ST-1739",657,954
"ST-712","ST-760",657,699
"ST-712","ST-923",657,811
"ST-712","ST-935",657,822
"ST-712","ST-949",657,827
"ST-713","ST-1267",658,136
"ST-713","ST-1268",658,137
"ST-713","ST-1546",658,230
"ST-713","ST-1678",658,932
"ST-713","ST-724",658,665
"ST-713","ST-951",658,829
"ST-713","ST-976",658,841
"ST-714","ST-1268",659,137
"ST-714","ST-1337",659,176
"ST-714","ST-715",659,660
"ST-714","ST-882",659,781
"ST-715","ST-1264",660,133
"ST-715","ST-882",660,781
"ST-715","ST-976",660,841
"ST-719","ST-1156",661,1131
"ST-719","ST-721",661,663
"ST-719","ST-884",661,783
"ST-719","ST-887",661,785
"ST-719","ST-965",661,835
"ST-72","ST-307",662,1075
"ST-721","ST-887",663,785
"ST-721","ST-965",663,835
"ST-723","ST-976",664,841
"ST-724","ST-1267",665,136
"ST-724","ST-1678",665,932
"ST-724","ST-951",665,829
"ST-725","ST-1268",666,137
"ST-725","ST-976",666,841
"ST-726","ST-728",667,669
"ST-727","ST-1546",668,230
"ST-728","ST-1150",669,78
"ST-729","ST-1152",670,1132
"ST-729","ST-753",670,692
"ST-729","ST-760",670,699
"ST-729","ST-923",670,811
"ST-729","ST-924",670,812
"ST-73","ST-1150",671,78
"ST-73","ST-1319",671,165
"ST-73","ST-1321",671,958
"ST-73","ST-1545",671,967
"ST-73","ST-202",671,290
"ST-73","ST-204",671,292
"ST-73","ST-205",671,293
"ST-73","ST-277",671,343
"ST-73","ST-278",671,344
"ST-73","ST-295",671,359
"ST-73","ST-296",671,360
"ST-73","ST-297",671,361
"ST-73","ST-305",671,370
"ST-73","ST-307",671,1075
"ST-73","ST-311",671,375
"ST-73","ST-414",671,441
"ST-73","ST-426",671,448
"ST-73","ST-520",671,515
"ST-73","ST-664",671,621
"ST-73","ST-683",671,632
"ST-73","ST-692",671,639
"ST-73","ST-748",671,687
"ST-73","ST-749",671,688
"ST-73","ST-750",671,689
"ST-73","ST-751",671,690
"ST-73","ST-776",671,714
"ST-73","ST-877",671,778
"ST-731","ST-760",672,699
"ST-731","ST-923",672,811
"ST-732","ST-753",673,692
"ST-732","ST-923",673,811
"ST-732","ST-949",673,827
"ST-733","ST-1268",674,137
"ST-733","ST-1546",674,230
"ST-735","ST-1118",675,61
"ST-735","ST-1123",675,1104
"ST-735","ST-1286",675,149
"ST-735","ST-1290",675,151
"ST-735","ST-1474",675,966
"ST-735","ST-866",675,1106
"ST-735","ST-913",675,805
"ST-735","ST-971",675,1133
"ST-736","ST-1121",676,63
"ST-736","ST-1124",676,64
"ST-736","ST-1128",676,1134
"ST-736","ST-1285",676,148
"ST-736","ST-1286",676,149
"ST-736","ST-1287",676,894
"ST-736","ST-1425",676,1105
"ST-736","ST-914",676,806
"ST-737","ST-1070",677,32
"ST-737","ST-1072",677,33
"ST-737","ST-1084",677,41
"ST-737","ST-1419",677,876
"ST-737","ST-1707",677,263
"ST-737","ST-1730",677,874
"ST-737","ST-740",677,679
"ST-737","ST-839",677,757
"ST-737","ST-891",677,789
"ST-737","ST-897",677,1135
"ST-737","ST-903",677,797
"ST-737","ST-904",677,798
"ST-737","ST-905",677,799
"ST-739","ST-1070",678,32
"ST-739","ST-1079",678,37
"ST-739","ST-1081",678,39
"ST-739","ST-1087",678,43
"ST-739","ST-1582",678,239
"ST-739","ST-1584",678,240
"ST-739","ST-1586",678,242
"ST-739","ST-1590",678,244
"ST-739","ST-1729",678,273
"ST-739","ST-1730",678,874
"ST-739","ST-839",678,757
"ST-739","ST-891",678,789
"ST-739","ST-892",678,790
"ST-740","ST-1078",679,36
"ST-740","ST-1089",679,875
"ST-741","ST-742",680,681
"ST-742","ST-1162",681,1136
"ST-742","ST-1552",681,1137
"ST-742","ST-743",681,682
"ST-742","ST-744",681,683
"ST-742","ST-772",681,711
"ST-742","ST-926",681,1138
"ST-743","ST-1552",682,1137
"ST-743","ST-744",682,683
"ST-743","ST-925",682,813
"ST-744","ST-1162",683,1136
"ST-744","ST-1552",683,1137
"ST-744","ST-772",683,711
"ST-744","ST-925",683,813
"ST-745","ST-1554",684,233
"ST-745","ST-750",684,689
"ST-746","ST-750",685,689
"ST-746","ST-765",685,704
"ST-746","ST-927",685,814
"ST-747","ST-1158",686,80
"ST-747","ST-1316",686,163
"ST-747","ST-1655",686,956
"ST-747","ST-749",686,688
"ST-747","ST-750",686,689
"ST-747","ST-751",686,690
"ST-747","ST-928",686,815
"ST-747","ST-949",686,827
"ST-748","ST-1316",687,163
"ST-748","ST-749",687,688
"ST-748","ST-750",687,689
"ST-748","ST-751",687,690
"ST-748","ST-760",687,699
"ST-748","ST-776",687,714
"ST-748","ST-927",687,814
"ST-748","ST-935",687,822
"ST-748","ST-949",687,827
"ST-749","ST-1169",688,89
"ST-749","ST-750",688,689
"ST-749","ST-751",688,690
"ST-749","ST-776",688,714
"ST-749","ST-777",688,715
"ST-749","ST-780",688,718
"ST-750","ST-1152",689,1132
"ST-750","ST-1158",689,80
"ST-750","ST-1160",689,82
"ST-750","ST-1161",689,83
"ST-750","ST-1163",689,84
"ST-750","ST-1169",689,89
"ST-750","ST-1305",689,159
"ST-750","ST-1316",689,163
"ST-750","ST-1344",689,1051
"ST-750","ST-1405",689,953
"ST-750","ST-1445",689,1139
"ST-750","ST-1554",689,233
"ST-750","ST-1555",689,910
"ST-750","ST-1655",689,956
"ST-750","ST-1705",689,880
"ST-750","ST-1739",689,954
"ST-750","ST-751",689,690
"ST-750","ST-752",689,691
"ST-750","ST-753",689,692
"ST-750","ST-757",689,695
"ST-750","ST-758",689,696
"ST-750","ST-760",689,699
"ST-750","ST-761",689,700
"ST-750","ST-765",689,704
"ST-750","ST-776",689,714
"ST-750","ST-777",689,715
"ST-750","ST-780",689,718
"ST-750","ST-787",689,721
"ST-750","ST-792",689,725
"ST-750","ST-923",689,811
"ST-750","ST-924",689,812
"ST-750","ST-927",689,814
"ST-750","ST-928",689,815
"ST-750","ST-935",689,822
"ST-750","ST-949",689,827
"ST-751","ST-1152",690,1132
"ST-751","ST-1163",690,84
"ST-751","ST-1316",690,163
"ST-751","ST-1655",690,956
"ST-751","ST-1739",690,954
"ST-751","ST-752",690,691
"ST-751","ST-753",690,692
"ST-751","ST-757",690,695
"ST-751","ST-758",690,696
"ST-751","ST-760",690,699
"ST-751","ST-776",690,714
"ST-751","ST-923",690,811
"ST-751","ST-928",690,815
"ST-751","ST-935",690,822
"ST-751","ST-949",690,827
"ST-752","ST-1655",691,956
"ST-752","ST-757",691,695
"ST-752","ST-760",691,699
"ST-752","ST-763",691,702
"ST-752","ST-935",691,822
"ST-753","ST-1152",692,1132
"ST-753","ST-1307",692,160
"ST-753","ST-1557",692,1140
"ST-753","ST-1739",692,954
"ST-753","ST-754",692,693
"ST-753","ST-755",692,694
"ST-753","ST-756",692,1141
"ST-753","ST-757",692,695
"ST-753","ST-758",692,696
"ST-753","ST-759",692,697
"ST-753","ST-760",692,699
"ST-753","ST-923",692,811
"ST-753","ST-935",692,822
"ST-753","ST-949",692,827
"ST-754","ST-1310",693,162
"ST-754","ST-1739",693,954
"ST-754","ST-760",693,699
"ST-755","ST-1307",694,160
"ST-757","ST-1158",695,80
"ST-757","ST-758",695,696
"ST-757","ST-759",695,697
"ST-757","ST-760",695,699
"ST-757","ST-935",695,822
"ST-757","ST-949",695,827
"ST-758","ST-1152",696,1132
"ST-758","ST-1163",696,84
"ST-758","ST-1655",696,956
"ST-758","ST-760",696,699
"ST-758","ST-924",696,812
"ST-758","ST-935",696,822
"ST-758","ST-949",696,827
"ST-759","ST-760",697,699
"ST-76","ST-83",698,751
"ST-76","ST-84",698,758
"ST-76","ST-86",698,769
"ST-760","ST-1152",699,1132
"ST-760","ST-1309",699,1142
"ST-760","ST-1655",699,956
"ST-760","ST-1739",699,954
"ST-760","ST-924",699,812
"ST-760","ST-935",699,822
"ST-760","ST-949",699,827
"ST-761","ST-1158",700,80
"ST-761","ST-1160",700,82
"ST-761","ST-1305",700,159
"ST-761","ST-1359",700,187
"ST-761","ST-1404",700,952
"ST-761","ST-1405",700,953
"ST-761","ST-1406",700,200
"ST-761","ST-1553",700,907
"ST-761","ST-1554",700,233
"ST-761","ST-1556",700,906
"ST-761","ST-1679",700,1143
"ST-761","ST-762",700,701
"ST-761","ST-764",700,703
"ST-761","ST-765",700,704
"ST-761","ST-767",700,705
"ST-761","ST-787",700,721
"ST-761","ST-810",700,738
"ST-761","ST-927",700,814
"ST-762","ST-1305",701,159
"ST-762","ST-1556",701,906
"ST-763","ST-1158",702,80
"ST-763","ST-1306",702,904
"ST-763","ST-764",702,703
"ST-764","ST-1158",703,80
"ST-764","ST-1164",703,85
"ST-764","ST-1305",703,159
"ST-764","ST-1306",703,904
"ST-765","ST-1160",704,82
"ST-765","ST-1404",704,952
"ST-767","ST-1165",705,86
"ST-767","ST-1166",705,87
"ST-767","ST-1168",705,88
"ST-767","ST-1406",705,200
"ST-767","ST-769",705,707
"ST-767","ST-770",705,709
"ST-767","ST-771",705,710
"ST-767","ST-772",705,711
"ST-767","ST-773",705,712
"ST-767","ST-781",705,719
"ST-767","ST-879",705,779
"ST-767","ST-890",705,788
"ST-768","ST-1165",706,86
"ST-768","ST-1166",706,87
"ST-768","ST-769",706,707
"ST-768","ST-770",706,709
"ST-768","ST-771",706,710
"ST-768","ST-772",706,711
"ST-768","ST-781",706,719
"ST-768","ST-879",706,779
"ST-768","ST-889",706,786
"ST-768","ST-890",706,788
"ST-769","ST-1165",707,86
"ST-769","ST-1166",707,87
"ST-769","ST-1168",707,88
"ST-769","ST-1360",707,188
"ST-769","ST-1361",707,189
"ST-769","ST-1654",707,909
"ST-769","ST-771",707,710
"ST-769","ST-772",707,711
"ST-769","ST-781",707,719
"ST-769","ST-816",707,742
"ST-769","ST-821",707,745
"ST-769","ST-879",707,779
"ST-769","ST-890",707,788
"ST-77","ST-84",708,758
"ST-77","ST-86",708,769
"ST-77","ST-90",708,796
"ST-77","ST-94",708,824
"ST-770","ST-1165",709,86
"ST-770","ST-1654",709,909
"ST-770","ST-772",709,711
"ST-770","ST-890",709,788
"ST-771","ST-1165",710,86
"ST-771","ST-1166",710,87
"ST-771","ST-1168",710,88
"ST-771","ST-1654",710,909
"ST-771","ST-772",710,711
"ST-771","ST-773",710,712
"ST-771","ST-774",710,1144
"ST-771","ST-881",710,780
"ST-771","ST-890",710,788
"ST-771","ST-929",710,816
"ST-772","ST-1162",711,1136
"ST-772","ST-1165",711,86
"ST-772","ST-1166",711,87
"ST-772","ST-1168",711,88
"ST-772","ST-1311",711,908
"ST-772","ST-1361",711,189
"ST-772","ST-1552",711,1137
"ST-772","ST-781",711,719
"ST-772","ST-821",711,745
"ST-772","ST-879",711,779
"ST-772","ST-880",711,1145
"ST-772","ST-881",711,780
"ST-772","ST-889",711,786
"ST-772","ST-890",711,788
"ST-772","ST-929",711,816
"ST-772","ST-958",711,832
"ST-773","ST-890",712,788
"ST-775","ST-1166",713,87
"ST-775","ST-1361",713,189
"ST-775","ST-890",713,788
"ST-776","ST-1169",714,89
"ST-776","ST-1171",714,1146
"ST-776","ST-1555",714,910
"ST-776","ST-1705",714,880
"ST-776","ST-777",714,715
"ST-776","ST-780",714,718
"ST-776","ST-787",714,721
"ST-777","ST-1170",715,1147
"ST-777","ST-1171",715,1146
"ST-777","ST-1555",715,910
"ST-777","ST-787",715,721
"ST-777","ST-788",715,722
"ST-777","ST-791",715,724
"ST-777","ST-792",715,725
"ST-777","ST-793",715,1148
"ST-779","ST-1186",716,97
"ST-78","ST-86",717,769
"ST-78","ST-95",717,828
"ST-780","ST-1169",718,89
"ST-780","ST-1555",718,910
"ST-780","ST-927",718,814
"ST-781","ST-1165",719,86
"ST-781","ST-1166",719,87
"ST-781","ST-1361",719,189
"ST-781","ST-879",719,779
"ST-781","ST-890",719,788
"ST-784","ST-799",720,728
"ST-787","ST-1171",721,1146
"ST-787","ST-1365",721,911
"ST-787","ST-1555",721,910
"ST-787","ST-1577",721,236
"ST-787","ST-788",721,722
"ST-788","ST-1171",722,1146
"ST-788","ST-1365",722,911
"ST-788","ST-1555",722,910
"ST-790","ST-791",723,724
"ST-791","ST-1173",724,1149
"ST-791","ST-1174",724,1150
"ST-791","ST-792",724,725
"ST-791","ST-793",724,1148
"ST-792","ST-793",725,1148
"ST-797","ST-1245",727,125
"ST-797","ST-1433",727,1152
"ST-797","ST-1575",727,936
"ST-797","ST-799",727,728
"ST-797","ST-811",727,739
"ST-797","ST-815",727,741
"ST-797","ST-955",727,831
"ST-799","ST-800",728,1095
"ST-799","ST-955",728,831
"ST-8","ST-10",729,1
"ST-8","ST-11",729,50
"ST-8","ST-15",729,219
"ST-8","ST-16",729,245
"ST-8","ST-18",729,279
"ST-8","ST-20",729,287
"ST-8","ST-208",729,294
"ST-8","ST-209",729,295
"ST-8","ST-211",729,997
"ST-8","ST-340",729,998
"ST-8","ST-342",729,393
"ST-8","ST-421",729,1029
"ST-8","ST-426",729,448
"ST-8","ST-73",729,671
"ST-80","ST-93",730,817
"ST-80","ST-95",730,828
"ST-801","ST-955",731,831
"ST-802","ST-955",732,831
"ST-803","ST-1181",733,94
"ST-803","ST-818",733,743
"ST-804","ST-1181",734,94
"ST-804","ST-807",734,736
"ST-805","ST-1178",735,1153
"ST-807","ST-1179",736,1154
"ST-808","ST-1179",737,1154
"ST-808","ST-1181",737,94
"ST-810","ST-1406",738,200
"ST-810","ST-1577",738,236
"ST-810","ST-816",738,742
"ST-810","ST-956",738,1155
"ST-811","ST-815",739,741
"ST-814","ST-815",740,741
"ST-815","ST-955",741,831
"ST-815","ST-966",741,1156
"ST-816","ST-1168",742,88
"ST-816","ST-1556",742,906
"ST-816","ST-1577",742,236
"ST-816","ST-1679",742,1143
"ST-818","ST-1566",743,1157
"ST-818","ST-1654",743,909
"ST-818","ST-820",743,1158
"ST-818","ST-821",743,745
"ST-82","ST-1397",744,1159
"ST-82","ST-1692",744,996
"ST-82","ST-208",744,294
"ST-82","ST-209",744,295
"ST-82","ST-211",744,997
"ST-82","ST-223",744,303
"ST-82","ST-342",744,393
"ST-82","ST-344",744,394
"ST-82","ST-350",744,398
"ST-82","ST-443",744,1160
"ST-82","ST-455",744,466
"ST-82","ST-462",744,472
"ST-82","ST-86",744,769
"ST-82","ST-87",744,773
"ST-82","ST-91",744,803
"ST-82","ST-96",744,1161
"ST-821","ST-1166",745,87
"ST-821","ST-1168",745,88
"ST-821","ST-1360",745,188
"ST-821","ST-1361",745,189
"ST-821","ST-1654",745,909
"ST-821","ST-958",745,832
"ST-823","ST-1574",746,1162
"ST-823","ST-1704",746,1163
"ST-824","ST-1062",747,25
"ST-824","ST-1515",747,1083
"ST-824","ST-1718",747,870
"ST-824","ST-975",747,840
"ST-825","ST-1424",748,927
"ST-827","ST-1197",749,103
"ST-827","ST-1198",749,922
"ST-827","ST-1200",749,106
"ST-827","ST-1201",749,107
"ST-827","ST-1202",749,108
"ST-827","ST-1215",749,113
"ST-827","ST-1317",749,164
"ST-827","ST-1347",749,180
"ST-827","ST-1440",749,968
"ST-827","ST-1454",749,212
"ST-827","ST-1455",749,926
"ST-827","ST-1631",749,1164
"ST-827","ST-1632",749,1058
"ST-827","ST-1636",749,957
"ST-827","ST-910",749,804
"ST-829","ST-1010",750,1088
"ST-83","ST-84",751,758
"ST-83","ST-86",751,769
"ST-83","ST-95",751,828
"ST-830","ST-1370",752,192
"ST-833","ST-1249",753,126
"ST-834","ST-1065",754,28
"ST-834","ST-1249",754,126
"ST-834","ST-1251",754,129
"ST-834","ST-1351",754,182
"ST-834","ST-1510",754,222
"ST-834","ST-1519",754,871
"ST-834","ST-835",754,755
"ST-835","ST-1065",755,28
"ST-838","ST-1070",756,32
"ST-838","ST-1084",756,41
"ST-838","ST-1419",756,876
"ST-838","ST-1706",756,873
"ST-838","ST-1707",756,263
"ST-838","ST-839",756,757
"ST-838","ST-891",756,789
"ST-838","ST-892",756,790
"ST-838","ST-903",756,797
"ST-838","ST-904",756,798
"ST-838","ST-905",756,799
"ST-839","ST-1070",757,32
"ST-839","ST-1079",757,37
"ST-839","ST-1081",757,39
"ST-839","ST-1584",757,240
"ST-839","ST-1586",757,242
"ST-839","ST-1706",757,873
"ST-839","ST-1707",757,263
"ST-839","ST-1730",757,874
"ST-839","ST-891",757,789
"ST-839","ST-892",757,790
"ST-839","ST-904",757,798
"ST-839","ST-905",757,799
"ST-84","ST-110",758,1165
"ST-84","ST-93",758,817
"ST-84","ST-95",758,828
"ST-840","ST-1705",759,880
"ST-842","ST-1200",760,106
"ST-842","ST-1201",760,107
"ST-842","ST-1347",760,180
"ST-842","ST-1424",760,927
"ST-847","ST-1346",761,1098
"ST-847","ST-857",761,768
"ST-849","ST-1098",762,48
"ST-85","ST-344",763,394
"ST-85","ST-87",763,773
"ST-853","ST-855",765,766
"ST-853","ST-856",765,767
"ST-855","ST-857",766,768
"ST-856","ST-1333",767,1100
"ST-857","ST-1099",768,49
"ST-857","ST-1346",768,1098
"ST-86","ST-110",769,1165
"ST-86","ST-460",769,470
"ST-86","ST-91",769,803
"ST-86","ST-93",769,817
"ST-86","ST-94",769,824
"ST-86","ST-95",769,828
"ST-86","ST-991",769,1167
"ST-867","ST-1121",770,63
"ST-867","ST-1124",770,64
"ST-867","ST-1285",770,148
"ST-867","ST-914",770,806
"ST-868","ST-915",771,807
"ST-87","ST-209",773,295
"ST-87","ST-344",773,394
"ST-87","ST-443",773,1160
"ST-87","ST-455",773,466
"ST-87","ST-460",773,470
"ST-87","ST-462",773,472
"ST-87","ST-89",773,787
"ST-871","ST-1243",775,935
"ST-871","ST-1528",775,1170
"ST-871","ST-876",775,1171
"ST-874","ST-1239",776,123
"ST-875","ST-1239",777,123
"ST-875","ST-876",777,1171
"ST-877","ST-1150",778,78
"ST-877","ST-1326",778,171
"ST-877","ST-1545",778,967
"ST-879","ST-1165",779,86
"ST-879","ST-890",779,788
"ST-881","ST-1165",780,86
"ST-881","ST-1311",780,908
"ST-882","ST-1264",781,133
"ST-882","ST-1268",781,137
"ST-882","ST-1337",781,176
"ST-882","ST-1548",781,941
"ST-882","ST-976",781,841
"ST-883","ST-1521",782,225
"ST-883","ST-936",782,823
"ST-884","ST-1337",783,176
"ST-884","ST-976",783,841
"ST-886","ST-1267",784,136
"ST-886","ST-1547",784,231
"ST-887","ST-1156",785,1131
"ST-887","ST-965",785,835
"ST-889","ST-929",786,816
"ST-89","ST-209",787,295
"ST-89","ST-455",787,466
"ST-89","ST-462",787,472
"ST-89","ST-463",787,1052
"ST-89","ST-91",787,803
"ST-89","ST-92",787,1172
"ST-89","ST-96",787,1161
"ST-89","ST-968",787,1173
"ST-890","ST-1165",788,86
"ST-890","ST-1166",788,87
"ST-890","ST-1168",788,88
"ST-890","ST-1361",788,189
"ST-890","ST-929",788,816
"ST-891","ST-1070",789,32
"ST-891","ST-1078",789,36
"ST-891","ST-1079",789,37
"ST-891","ST-1081",789,39
"ST-891","ST-1086",789,42
"ST-891","ST-1087",789,43
"ST-891","ST-1409",789,202
"ST-891","ST-1582",789,239
"ST-891","ST-1584",789,240
"ST-891","ST-1585",789,241
"ST-891","ST-1586",789,242
"ST-891","ST-1590",789,244
"ST-891","ST-1681",789,259
"ST-891","ST-1683",789,872
"ST-891","ST-1705",789,880
"ST-891","ST-1706",789,873
"ST-891","ST-1719",789,270
"ST-891","ST-1720",789,865
"ST-891","ST-1728",789,272
"ST-891","ST-1729",789,273
"ST-891","ST-1730",789,874
"ST-891","ST-892",789,790
"ST-891","ST-904",789,798
"ST-891","ST-908",789,802
"ST-891","ST-933",789,820
"ST-892","ST-1079",790,37
"ST-892","ST-1087",790,43
"ST-892","ST-1420",790,207
"ST-892","ST-1719",790,270
"ST-892","ST-1720",790,865
"ST-892","ST-1730",790,874
"ST-892","ST-908",790,802
"ST-894","ST-1087",791,43
"ST-894","ST-1409",791,202
"ST-894","ST-1584",791,240
"ST-894","ST-1719",791,270
"ST-895","ST-1419",792,876
"ST-899","ST-906",794,800
"ST-9","ST-10",795,1
"ST-9","ST-14",795,198
"ST-9","ST-18",795,279
"ST-9","ST-20",795,287
"ST-9","ST-208",795,294
"ST-9","ST-209",795,295
"ST-9","ST-210",795,297
"ST-9","ST-211",795,997
"ST-9","ST-341",795,392
"ST-9","ST-342",795,393
"ST-90","ST-110",796,1165
"ST-90","ST-93",796,817
"ST-90","ST-95",796,828
"ST-903","ST-1076",797,35
"ST-903","ST-1084",797,41
"ST-903","ST-1186",797,97
"ST-903","ST-1364",797,190
"ST-903","ST-1419",797,876
"ST-903","ST-1578",797,919
"ST-903","ST-1707",797,263
"ST-903","ST-904",797,798
"ST-903","ST-905",797,799
"ST-903","ST-906",797,800
"ST-903","ST-907",797,801
"ST-904","ST-1075",798,34
"ST-904","ST-1076",798,35
"ST-904","ST-1084",798,41
"ST-904","ST-1364",798,190
"ST-904","ST-1419",798,876
"ST-904","ST-1578",798,919
"ST-904","ST-1592",798,1175
"ST-904","ST-1703",798,920
"ST-904","ST-1707",798,263
"ST-904","ST-905",798,799
"ST-904","ST-906",798,800
"ST-904","ST-907",798,801
"ST-905","ST-1084",799,41
"ST-905","ST-1417",799,205
"ST-905","ST-1419",799,876
"ST-905","ST-1707",799,263
"ST-906","ST-1082",800,1176
"ST-906","ST-1416",800,204
"ST-906","ST-1417",800,205
"ST-906","ST-1418",800,1177
"ST-906","ST-1579",800,970
"ST-906","ST-1657",800,1178
"ST-907","ST-1084",801,41
"ST-908","ST-1087",802,43
"ST-908","ST-1719",802,270
"ST-908","ST-1720",802,865
"ST-91","ST-110",803,1165
"ST-91","ST-93",803,817
"ST-91","ST-94",803,824
"ST-91","ST-95",803,828
"ST-910","ST-1105",804,54
"ST-910","ST-1203",804,109
"ST-910","ST-1317",804,164
"ST-910","ST-1636",804,957
"ST-910","ST-1723",804,886
"ST-913","ST-1280",805,144
"ST-913","ST-1288",805,1103
"ST-914","ST-1121",806,63
"ST-914","ST-1278",806,142
"ST-914","ST-1283",806,146
"ST-914","ST-1284",806,147
"ST-914","ST-1285",806,148
"ST-914","ST-1287",806,894
"ST-914","ST-1290",806,151
"ST-914","ST-1425",806,1105
"ST-914","ST-1426",806,1179
"ST-914","ST-1473",806,946
"ST-914","ST-1475",806,947
"ST-914","ST-1672",806,895
"ST-915","ST-1289",807,896
"ST-916","ST-1293",808,152
"ST-918","ST-1274",809,140
"ST-918","ST-1275",809,141
"ST-919","ST-1227",810,1180
"ST-919","ST-1523",810,934
"ST-919","ST-1526",810,1126
"ST-919","ST-920",810,1127
"ST-923","ST-1152",811,1132
"ST-923","ST-1154",811,1181
"ST-923","ST-1742",811,1182
"ST-923","ST-924",811,812
"ST-923","ST-949",811,827
"ST-924","ST-1739",812,954
"ST-924","ST-935",812,822
"ST-925","ST-1552",813,1137
"ST-927","ST-1316",814,163
"ST-928","ST-1316",815,163
"ST-928","ST-1655",815,956
"ST-928","ST-949",815,827
"ST-929","ST-1166",816,87
"ST-929","ST-1311",816,908
"ST-93","ST-462",817,472
"ST-93","ST-94",817,824
"ST-93","ST-96",817,1161
"ST-93","ST-991",817,1167
"ST-931","ST-1207",819,110
"ST-931","ST-1424",819,927
"ST-933","ST-1582",820,239
"ST-933","ST-1584",820,240
"ST-933","ST-1729",820,273
"ST-934","ST-1546",821,230
"ST-934","ST-1678",821,932
"ST-935","ST-949",822,827
"ST-936","ST-1265",823,134
"ST-936","ST-1521",823,225
"ST-936","ST-1542",823,228
"ST-936","ST-1546",823,230
"ST-94","ST-110",824,1165
"ST-94","ST-95",824,828
"ST-942","ST-1098",825,48
"ST-948","ST-1103",826,53
"ST-948","ST-1105",826,54
"ST-948","ST-1109",826,57
"ST-949","ST-1152",827,1132
"ST-949","ST-1316",827,163
"ST-949","ST-1655",827,956
"ST-949","ST-1739",827,954
"ST-95","ST-110",828,1165
"ST-95","ST-991",828,1167
"ST-951","ST-1267",829,136
"ST-951","ST-1546",829,230
"ST-951","ST-1547",829,231
"ST-951","ST-1678",829,932
"ST-951","ST-976",829,841
"ST-952","ST-1546",830,230
"ST-955","ST-1178",831,1153
"ST-958","ST-1166",832,87
"ST-958","ST-1361",832,189
"ST-964","ST-1474",834,966
"ST-965","ST-1156",835,1131
"ST-965","ST-1262",835,1185
"ST-97","ST-102",836,8
"ST-97","ST-1193",836,100
"ST-97","ST-1194",836,101
"ST-97","ST-1263",836,132
"ST-97","ST-1378",836,196
"ST-97","ST-1429",836,208
"ST-97","ST-1603",836,247
"ST-97","ST-1660",836,257
"ST-97","ST-1722",836,1020
"ST-97","ST-253",836,324
"ST-97","ST-259",836,330
"ST-97","ST-364",836,406
"ST-97","ST-384",836,417
"ST-97","ST-385",836,418
"ST-97","ST-972",836,837
"ST-97","ST-973",836,838
"ST-97","ST-974",836,839
"ST-97","ST-984",836,845
"ST-97","ST-99",836,849
"ST-972","ST-1193",837,100
"ST-972","ST-1194",837,101
"ST-972","ST-1378",837,196
"ST-972","ST-1429",837,208
"ST-972","ST-1660",837,257
"ST-972","ST-1663",837,853
"ST-972","ST-1690",837,858
"ST-972","ST-1722",837,1020
"ST-972","ST-973",837,838
"ST-972","ST-974",837,839
"ST-972","ST-984",837,845
"ST-972","ST-987",837,847
"ST-973","ST-1429",838,208
"ST-973","ST-974",838,839
"ST-974","ST-1193",839,100
"ST-974","ST-1378",839,196
"ST-974","ST-1429",839,208
"ST-974","ST-1660",839,257
"ST-974","ST-1661",839,258
"ST-974","ST-984",839,845
"ST-975","ST-1062",840,25
"ST-975","ST-1065",840,28
"ST-975","ST-1251",840,129
"ST-975","ST-1253",840,130
"ST-975","ST-1254",840,1085
"ST-975","ST-1718",840,870
"ST-976","ST-1264",841,133
"ST-976","ST-1269",841,1186
"ST-976","ST-1337",841,176
"ST-976","ST-1548",841,941
"ST-976","ST-1678",841,932
"ST-98","ST-101",842,5
"ST-98","ST-102",842,8
"ST-98","ST-1660",842,257
"ST-98","ST-972",842,837
"ST-98","ST-99",842,849
"ST-980","ST-1660",843,257
"ST-983","ST-1194",844,101
"ST-983","ST-1266",844,135
"ST-983","ST-1662",844,942
"ST-983","ST-985",844,846
"ST-984","ST-1378",845,196
"ST-984","ST-1429",845,208
"ST-984","ST-1660",845,257
"ST-984","ST-1661",845,258
"ST-985","ST-1266",846,135
"ST-985","ST-1662",846,942
"ST-987","ST-1660",847,257
"ST-987","ST-1661",847,258
"ST-988","ST-1660",848,257
"ST-99","ST-100",849,2
"ST-99","ST-101",849,5
"ST-99","ST-102",849,8
"ST-99","ST-106",849,23
"ST-99","ST-107",849,31
"ST-99","ST-108",849,38
"ST-99","ST-109",849,45
"ST-99","ST-111",849,58
"ST-99","ST-113",849,68
"ST-99","ST-1191",849,99
"ST-99","ST-1193",849,100
"ST-99","ST-1194",849,101
"ST-99","ST-1195",849,102
"ST-99","ST-1199",849,867
"ST-99","ST-1263",849,132
"ST-99","ST-1336",849,175
"ST-99","ST-1377",849,881
"ST-99","ST-1584",849,240
"ST-99","ST-1603",849,247
"ST-99","ST-1660",849,257
"ST-99","ST-1661",849,258
"ST-99","ST-1663",849,853
"ST-99","ST-1690",849,858
"ST-99","ST-241",849,314
"ST-99","ST-254",849,325
"ST-99","ST-256",849,327
"ST-99","ST-258",849,329
"ST-99","ST-360",849,402
"ST-99","ST-362",849,404
"ST-99","ST-366",849,407
"ST-99","ST-376",849,414
"ST-99","ST-382",849,416
"ST-99","ST-445",849,456
"ST-99","ST-446",849,457
"ST-99","ST-483",849,482
"ST-99","ST-506",849,504
"ST-99","ST-750",849,689
"ST-99","ST-840",849,759
"ST-99","ST-972",849,837
"ST-99","ST-974",849,839
"ST-99","ST-980",849,843
"ST-99","ST-987",849,847
"ST-99","ST-988",849,848
"ST-993","ST-994",850,851
"ST-994","ST-1005",851,1040
"ST-994","ST-1006",851,4
"ST-994","ST-1018",851,854
"ST-994","ST-997",851,852
"ST-997","ST-1002",852,3
"ST-997","ST-1015",852,6
"ST-997","ST-1496",852,218
"ST-997","ST-1505",852,855
